Distribution1,Distribution2,Distribution3,Distribution4,Distribution5,Distribution6,Distribution7,Distribution8,Distribution9,Distribution10,Distribution11,Distribution12,Distribution13,Distribution14,Distribution15,Distribution16,Distribution17,Distribution18,Distribution19,Distribution20,Distribution21,Distribution22,Distribution23,Distribution24,Distribution25,Distribution26,Distribution27,Distribution28,Distribution29,Distribution30,label
1433,1498,1492,1458,1464,1455,1490,1417,1475,1481,1460,1476,1451,1470,1423,1455,1435,1420,1500,1411,1406,1423,1423,1477,1472,1416,1421,1485,1446,1432,ECB
1402,1446,1429,1413,1460,1418,1418,1461,1449,1485,1441,1476,1465,1450,1415,1422,1460,1420,1449,1443,1498,1404,1490,1427,1497,1456,1469,1407,1462,1420,ECB
1476,1482,1430,1422,1452,1500,1437,1475,1486,1431,1482,1435,1437,1409,1439,1419,1408,1470,1435,1436,1493,1420,1497,1456,1488,1499,1421,1412,1420,1473,ECB
1440,1435,1495,1485,1413,1499,1409,1405,1500,1472,1449,1440,1482,1412,1408,1472,1422,1465,1434,1438,1499,1420,1490,1436,1413,1492,1466,1456,1459,1477,ECB
1410,1407,1474,1422,1427,1442,1468,1495,1490,1417,1492,1434,1442,1434,1483,1458,1455,1470,1483,1457,1465,1470,1468,1495,1476,1407,1495,1425,1482,1442,ECB
1447,1491,1465,1416,1469,1500,1464,1496,1485,1402,1463,1451,1463,1468,1480,1444,1462,1467,1460,1442,1431,1400,1480,1460,1448,1500,1447,1405,1445,1404,ECB
1471,1472,1463,1494,1455,1470,1451,1467,1462,1447,1476,1439,1421,1422,1494,1406,1423,1475,1434,1494,1437,1410,1496,1404,1491,1441,1426,1413,1418,1420,ECB
1420,1466,1418,1448,1498,1427,1416,1455,1452,1418,1429,1477,1491,1467,1455,1438,1460,1470,1496,1401,1412,1477,1467,1448,1402,1408,1422,1441,1454,1453,ECB
1436,1448,1436,1458,1494,1462,1460,1450,1462,1466,1491,1490,1401,1458,1478,1412,1427,1480,1449,1422,1450,1444,1481,1449,1451,1488,1490,1450,1411,1415,ECB
1427,1479,1410,1463,1436,1451,1497,1419,1495,1483,1430,1434,1430,1423,1430,1429,1479,1469,1438,1494,1477,1499,1498,1491,1444,1421,1499,1481,1404,1500,ECB
1464,1498,1475,1455,1497,1434,1473,1468,1498,1469,1422,1447,1401,1490,1470,1479,1453,1406,1499,1484,1404,1467,1421,1462,1437,1470,1429,1438,1474,1474,ECB
1438,1427,1489,1459,1468,1436,1428,1437,1443,1470,1413,1448,1485,1439,1448,1455,1493,1469,1478,1460,1431,1469,1497,1407,1419,1470,1433,1492,1469,1475,ECB
1421,1438,1444,1429,1470,1418,1404,1472,1426,1492,1497,1447,1455,1474,1402,1489,1474,1426,1452,1463,1469,1461,1496,1481,1441,1443,1479,1422,1427,1433,ECB
1445,1469,1475,1411,1457,1464,1495,1443,1499,1484,1464,1415,1439,1494,1446,1439,1427,1426,1425,1443,1473,1490,1440,1415,1469,1429,1487,1420,1463,1429,ECB
1458,1408,1429,1471,1488,1433,1483,1463,1430,1484,1422,1466,1432,1470,1490,1495,1452,1490,1402,1497,1459,1490,1472,1416,1488,1400,1494,1494,1467,1426,ECB
1400,1433,1409,1489,1414,1457,1444,1431,1421,1400,1456,1463,1479,1489,1459,1470,1411,1483,1495,1420,1485,1436,1430,1456,1407,1435,1435,1473,1476,1439,ECB
1414,1428,1500,1402,1494,1445,1455,1416,1477,1424,1416,1473,1445,1457,1418,1495,1463,1460,1498,1465,1406,1446,1441,1407,1447,1424,1461,1488,1480,1477,ECB
1494,1412,1497,1477,1495,1497,1404,1496,1475,1465,1434,1425,1440,1495,1430,1459,1482,1483,1472,1461,1439,1499,1478,1498,1405,1438,1472,1410,1411,1435,ECB
1449,1439,1462,1465,1445,1404,1438,1494,1489,1453,1411,1440,1445,1425,1498,1414,1492,1423,1469,1460,1484,1487,1462,1415,1463,1458,1454,1470,1485,1495,ECB
1490,1414,1405,1490,1451,1429,1450,1461,1469,1408,1416,1478,1420,1446,1437,1406,1408,1438,1453,1478,1447,1431,1481,1406,1470,1405,1451,1415,1474,1489,ECB
1496,1486,1495,1421,1437,1446,1421,1431,1463,1469,1452,1425,1497,1418,1400,1417,1429,1419,1460,1487,1411,1412,1467,1488,1413,1464,1464,1420,1400,1490,ECB
1426,1471,1476,1425,1439,1415,1477,1414,1434,1410,1423,1462,1480,1428,1445,1404,1450,1458,1488,1487,1432,1500,1407,1472,1438,1473,1416,1460,1410,1460,ECB
1424,1435,1407,1408,1424,1424,1431,1425,1469,1483,1453,1455,1437,1489,1468,1445,1405,1487,1421,1441,1486,1453,1456,1487,1451,1471,1417,1469,1416,1461,ECB
1439,1406,1461,1434,1450,1488,1408,1426,1484,1457,1401,1462,1479,1460,1412,1493,1467,1446,1423,1410,1462,1423,1453,1432,1489,1462,1465,1420,1472,1479,ECB
1455,1408,1480,1446,1420,1410,1482,1444,1442,1456,1408,1479,1424,1446,1409,1488,1476,1455,1412,1455,1469,1449,1429,1437,1402,1427,1443,1493,1430,1455,ECB
1426,1469,1495,1488,1475,1413,1419,1439,1428,1473,1438,1474,1415,1414,1472,1477,1499,1416,1429,1475,1410,1461,1469,1430,1477,1446,1414,1440,1415,1414,ECB
1433,1480,1443,1470,1442,1446,1459,1401,1445,1478,1415,1492,1463,1480,1461,1424,1465,1444,1452,1400,1444,1407,1453,1410,1420,1492,1455,1489,1419,1418,ECB
1480,1464,1411,1478,1412,1487,1450,1478,1418,1451,1491,1453,1402,1479,1457,1405,1426,1466,1478,1455,1446,1478,1500,1422,1429,1401,1451,1405,1493,1408,ECB
1445,1439,1446,1414,1401,1448,1446,1451,1493,1442,1440,1498,1418,1442,1411,1480,1406,1438,1488,1454,1470,1438,1450,1444,1433,1469,1476,1500,1463,1463,ECB
1477,1473,1440,1490,1428,1434,1474,1496,1477,1418,1448,1423,1401,1491,1470,1488,1432,1466,1425,1400,1430,1426,1471,1466,1479,1442,1412,1423,1430,1491,ECB
1498,1460,1423,1402,1459,1481,1419,1430,1496,1450,1468,1449,1414,1454,1477,1434,1443,1500,1483,1468,1458,1453,1402,1424,1462,1426,1460,1400,1485,1482,ECB
1490,1472,1442,1452,1468,1487,1419,1438,1431,1455,1497,1452,1430,1488,1435,1460,1415,1407,1490,1411,1486,1495,1493,1486,1455,1401,1461,1461,1451,1410,ECB
1467,1407,1429,1414,1408,1473,1472,1404,1460,1417,1450,1441,1460,1479,1456,1437,1481,1493,1405,1496,1459,1493,1453,1439,1464,1410,1475,1400,1472,1480,ECB
1459,1454,1438,1428,1496,1404,1473,1485,1444,1452,1448,1416,1451,1411,1475,1464,1411,1475,1490,1405,1458,1463,1438,1499,1426,1481,1491,1460,1493,1454,ECB
1462,1493,1435,1416,1426,1486,1418,1494,1431,1429,1439,1451,1400,1478,1479,1417,1487,1458,1410,1446,1460,1434,1487,1499,1487,1480,1439,1494,1482,1493,ECB
1444,1415,1474,1437,1412,1492,1474,1442,1430,1436,1419,1409,1420,1454,1467,1412,1433,1427,1472,1412,1401,1485,1446,1403,1497,1400,1461,1485,1403,1491,ECB
1471,1419,1440,1483,1471,1416,1484,1488,1487,1487,1469,1472,1438,1422,1450,1438,1438,1416,1477,1498,1476,1444,1475,1482,1467,1500,1487,1458,1467,1431,ECB
1456,1402,1479,1427,1467,1430,1406,1413,1488,1461,1491,1407,1499,1491,1442,1493,1455,1408,1444,1414,1494,1480,1444,1436,1418,1407,1443,1477,1440,1484,ECB
1451,1424,1405,1407,1416,1447,1489,1442,1427,1410,1421,1428,1459,1468,1496,1467,1430,1447,1464,1411,1478,1500,1412,1484,1413,1436,1458,1408,1446,1427,ECB
1494,1483,1413,1443,1429,1470,1428,1424,1428,1485,1498,1494,1404,1440,1423,1488,1405,1496,1459,1464,1498,1433,1445,1418,1473,1487,1455,1498,1434,1440,ECB
1410,1403,1495,1454,1481,1480,1411,1492,1485,1432,1407,1483,1460,1409,1476,1449,1485,1404,1498,1494,1492,1420,1484,1409,1479,1483,1450,1491,1440,1412,ECB
1496,1415,1489,1497,1470,1410,1427,1469,1491,1491,1435,1470,1433,1423,1459,1438,1419,1404,1438,1475,1409,1497,1428,1423,1456,1406,1453,1411,1487,1499,ECB
1410,1473,1469,1476,1437,1455,1463,1474,1466,1423,1438,1430,1417,1450,1461,1471,1488,1448,1498,1435,1487,1480,1422,1405,1475,1471,1433,1473,1477,1405,ECB
1458,1420,1476,1468,1433,1488,1439,1431,1454,1429,1437,1477,1431,1466,1474,1441,1404,1454,1410,1431,1489,1465,1403,1431,1426,1449,1421,1407,1478,1479,ECB
1444,1409,1439,1469,1439,1424,1433,1493,1453,1491,1493,1407,1429,1418,1423,1461,1480,1457,1468,1478,1419,1425,1434,1467,1481,1494,1408,1404,1474,1486,ECB
1466,1469,1449,1463,1477,1411,1495,1490,1441,1419,1468,1476,1415,1420,1402,1411,1434,1456,1487,1415,1495,1497,1489,1443,1423,1457,1404,1485,1463,1491,ECB
1451,1412,1436,1492,1432,1439,1456,1465,1414,1498,1470,1446,1435,1481,1483,1440,1444,1469,1484,1453,1406,1498,1416,1464,1424,1446,1497,1460,1426,1456,ECB
1415,1487,1487,1435,1461,1464,1471,1414,1472,1475,1487,1468,1413,1405,1497,1482,1410,1495,1456,1447,1487,1416,1459,1432,1460,1425,1409,1416,1438,1407,ECB
1497,1449,1440,1411,1488,1416,1493,1497,1453,1447,1441,1410,1420,1490,1425,1426,1484,1456,1416,1462,1402,1431,1436,1454,1413,1479,1404,1459,1453,1436,ECB
1470,1433,1456,1491,1442,1470,1467,1461,1445,1413,1424,1488,1430,1440,1422,1477,1429,1491,1443,1415,1464,1494,1419,1423,1485,1405,1496,1452,1412,1477,ECB
1483,1447,1429,1448,1459,1483,1490,1422,1459,1400,1414,1407,1473,1410,1458,1412,1445,1422,1439,1458,1452,1462,1500,1438,1473,1432,1444,1486,1468,1466,ECB
1463,1494,1490,1480,1426,1497,1424,1454,1465,1490,1484,1417,1462,1477,1498,1424,1482,1445,1413,1402,1481,1429,1496,1417,1402,1476,1483,1490,1424,1413,ECB
1499,1452,1443,1489,1493,1444,1463,1400,1483,1431,1439,1441,1487,1491,1486,1465,1486,1419,1446,1408,1440,1419,1457,1409,1451,1427,1468,1444,1499,1466,ECB
1426,1414,1420,1455,1500,1427,1448,1474,1460,1422,1492,1406,1464,1420,1458,1478,1451,1438,1500,1403,1435,1489,1474,1438,1466,1437,1469,1473,1459,1478,ECB
1490,1421,1438,1446,1488,1415,1493,1475,1444,1459,1481,1463,1445,1437,1457,1453,1412,1479,1482,1437,1448,1468,1413,1411,1430,1456,1465,1465,1438,1445,ECB
1489,1433,1444,1446,1464,1456,1465,1497,1436,1418,1444,1433,1487,1404,1406,1420,1434,1461,1411,1410,1440,1466,1402,1494,1429,1484,1465,1425,1478,1487,ECB
1403,1414,1441,1418,1430,1404,1424,1463,1413,1443,1457,1487,1478,1457,1473,1496,1413,1478,1491,1401,1428,1452,1451,1409,1417,1498,1442,1443,1455,1457,ECB
1400,1418,1491,1439,1407,1495,1436,1431,1456,1450,1432,1407,1499,1467,1425,1434,1484,1473,1420,1454,1481,1498,1430,1471,1436,1479,1467,1485,1493,1471,ECB
1485,1476,1475,1447,1463,1497,1483,1420,1496,1500,1402,1451,1429,1490,1428,1423,1500,1441,1437,1490,1482,1450,1447,1500,1490,1436,1426,1457,1418,1497,ECB
1482,1473,1466,1441,1470,1495,1438,1456,1489,1402,1479,1472,1461,1467,1435,1471,1493,1471,1496,1461,1477,1492,1401,1455,1405,1481,1478,1453,1432,1406,ECB
1498,1441,1452,1422,1499,1427,1415,1409,1421,1473,1418,1432,1456,1408,1483,1449,1494,1405,1436,1489,1464,1498,1447,1493,1494,1478,1458,1444,1433,1487,ECB
1491,1464,1496,1490,1427,1500,1448,1467,1465,1400,1418,1454,1478,1493,1423,1472,1470,1484,1450,1454,1434,1465,1495,1437,1446,1462,1488,1436,1430,1436,ECB
1493,1466,1406,1475,1487,1460,1487,1432,1403,1402,1498,1458,1476,1422,1410,1490,1436,1449,1421,1405,1463,1481,1405,1427,1494,1469,1401,1500,1434,1438,ECB
1456,1493,1419,1435,1431,1483,1456,1437,1467,1455,1494,1405,1427,1438,1425,1486,1426,1459,1480,1444,1484,1495,1430,1401,1473,1425,1409,1469,1438,1410,ECB
1492,1496,1465,1430,1472,1490,1447,1449,1446,1464,1443,1415,1436,1425,1419,1429,1487,1424,1424,1487,1417,1428,1404,1492,1401,1419,1402,1464,1425,1415,ECB
1441,1437,1486,1412,1430,1431,1419,1426,1477,1450,1416,1408,1452,1441,1449,1488,1402,1444,1435,1418,1414,1416,1449,1437,1421,1417,1494,1478,1414,1438,ECB
1446,1489,1475,1443,1418,1496,1480,1472,1403,1454,1433,1409,1479,1406,1485,1422,1471,1472,1453,1413,1445,1470,1430,1405,1411,1500,1435,1412,1450,1436,ECB
1413,1497,1444,1463,1429,1409,1411,1407,1410,1499,1477,1421,1406,1459,1452,1410,1456,1472,1426,1496,1473,1458,1421,1420,1434,1447,1447,1454,1467,1401,ECB
1476,1484,1437,1425,1443,1405,1461,1423,1406,1442,1489,1456,1499,1463,1451,1414,1478,1463,1464,1480,1411,1485,1461,1468,1479,1491,1409,1422,1474,1490,ECB
1435,1473,1476,1491,1491,1488,1463,1452,1444,1482,1496,1401,1431,1427,1443,1472,1495,1479,1425,1467,1402,1442,1496,1431,1410,1412,1459,1466,1411,1477,ECB
1430,1487,1423,1425,1462,1484,1483,1473,1500,1451,1416,1449,1427,1412,1428,1478,1483,1456,1448,1445,1482,1447,1435,1401,1407,1492,1490,1486,1486,1428,ECB
1409,1462,1478,1480,1472,1497,1430,1485,1426,1464,1424,1454,1417,1407,1462,1430,1434,1423,1464,1437,1458,1409,1459,1455,1447,1402,1422,1411,1497,1404,ECB
1482,1414,1430,1412,1451,1436,1476,1424,1419,1482,1413,1415,1481,1447,1432,1429,1408,1500,1469,1427,1492,1442,1476,1453,1402,1477,1487,1434,1421,1471,ECB
1461,1408,1479,1455,1452,1412,1443,1415,1432,1479,1433,1402,1480,1435,1498,1487,1469,1440,1443,1450,1425,1453,1423,1452,1453,1474,1461,1446,1432,1440,ECB
1406,1477,1431,1492,1436,1493,1437,1417,1464,1484,1456,1426,1450,1407,1408,1460,1413,1481,1449,1464,1455,1416,1451,1431,1429,1489,1417,1496,1409,1463,ECB
1440,1496,1500,1406,1469,1489,1462,1462,1484,1413,1495,1421,1420,1460,1447,1441,1483,1414,1419,1436,1476,1411,1494,1445,1418,1401,1441,1484,1411,1439,ECB
1463,1433,1426,1436,1435,1465,1497,1446,1410,1470,1448,1477,1403,1428,1476,1471,1442,1470,1430,1458,1404,1450,1484,1442,1408,1480,1498,1413,1431,1460,ECB
1464,1403,1457,1401,1443,1488,1461,1412,1458,1487,1470,1419,1438,1467,1437,1444,1402,1476,1415,1448,1436,1403,1451,1421,1435,1480,1499,1482,1490,1487,ECB
1486,1483,1480,1413,1403,1411,1417,1454,1482,1431,1478,1421,1410,1477,1410,1441,1447,1497,1482,1429,1498,1421,1410,1422,1491,1403,1423,1498,1408,1467,ECB
1430,1430,1493,1458,1449,1467,1426,1489,1478,1494,1470,1488,1475,1483,1462,1430,1478,1471,1498,1479,1494,1421,1426,1491,1492,1462,1439,1499,1473,1464,ECB
1456,1465,1489,1417,1401,1418,1444,1492,1478,1407,1434,1415,1401,1449,1440,1486,1421,1473,1416,1424,1483,1479,1461,1483,1449,1456,1412,1434,1475,1430,ECB
1467,1443,1487,1490,1402,1455,1442,1489,1402,1425,1461,1484,1456,1458,1405,1432,1471,1480,1420,1493,1449,1430,1462,1491,1414,1468,1456,1496,1421,1497,ECB
1466,1442,1425,1405,1497,1459,1433,1464,1402,1472,1499,1482,1417,1495,1465,1426,1483,1478,1444,1419,1426,1446,1429,1462,1466,1460,1443,1453,1413,1448,ECB
1408,1410,1466,1491,1460,1400,1495,1477,1486,1449,1462,1450,1416,1493,1406,1420,1477,1439,1488,1500,1463,1469,1470,1499,1414,1486,1481,1468,1417,1417,ECB
1488,1429,1406,1493,1433,1476,1455,1480,1492,1432,1430,1424,1467,1448,1471,1458,1461,1470,1482,1445,1484,1452,1478,1468,1403,1423,1431,1472,1424,1438,ECB
1408,1422,1452,1436,1431,1422,1438,1440,1422,1500,1439,1424,1486,1405,1488,1445,1426,1500,1445,1439,1429,1444,1462,1456,1435,1451,1409,1493,1411,1431,ECB
1469,1475,1491,1480,1439,1403,1469,1439,1429,1425,1403,1453,1490,1408,1446,1430,1469,1490,1478,1435,1464,1487,1448,1455,1468,1468,1458,1401,1432,1486,ECB
1486,1421,1445,1440,1468,1453,1476,1412,1412,1472,1440,1429,1472,1439,1447,1445,1430,1412,1408,1476,1446,1413,1492,1422,1464,1456,1406,1449,1497,1438,ECB
1423,1419,1443,1469,1453,1406,1458,1443,1476,1427,1438,1411,1408,1439,1462,1457,1427,1426,1436,1453,1424,1449,1422,1436,1448,1484,1432,1422,1424,1493,ECB
1475,1498,1481,1491,1407,1410,1402,1434,1498,1469,1433,1445,1472,1467,1424,1431,1429,1482,1425,1431,1497,1446,1452,1414,1401,1476,1429,1491,1402,1432,ECB
1452,1492,1475,1430,1478,1419,1436,1489,1476,1425,1449,1480,1464,1418,1414,1472,1452,1423,1424,1439,1485,1444,1437,1484,1402,1427,1452,1452,1486,1404,ECB
1447,1449,1448,1435,1460,1406,1488,1402,1499,1454,1409,1407,1426,1442,1435,1454,1498,1487,1448,1500,1432,1469,1472,1454,1427,1449,1478,1430,1423,1486,ECB
1463,1498,1427,1436,1421,1482,1476,1412,1482,1472,1409,1434,1406,1450,1448,1496,1476,1484,1442,1490,1407,1429,1428,1433,1498,1491,1439,1430,1486,1431,ECB
1434,1458,1400,1499,1418,1411,1404,1463,1485,1463,1480,1483,1402,1410,1459,1417,1471,1423,1462,1433,1484,1400,1406,1460,1462,1429,1420,1439,1430,1474,ECB
1490,1440,1490,1423,1435,1452,1428,1469,1447,1422,1435,1493,1493,1448,1431,1467,1449,1478,1414,1433,1434,1469,1429,1475,1487,1478,1461,1500,1402,1427,ECB
1463,1401,1453,1423,1490,1463,1435,1493,1457,1468,1407,1458,1437,1470,1411,1414,1417,1442,1500,1409,1412,1479,1427,1407,1424,1416,1408,1445,1471,1441,ECB
1409,1404,1406,1426,1432,1492,1484,1464,1450,1443,1448,1485,1410,1467,1470,1417,1411,1430,1489,1414,1400,1482,1477,1455,1484,1489,1471,1425,1415,1468,ECB
1412,1481,1496,1401,1437,1448,1498,1415,1471,1464,1441,1474,1414,1461,1457,1402,1422,1483,1471,1458,1430,1428,1443,1463,1408,1476,1445,1421,1432,1486,ECB
1444,1414,1456,1414,1449,1440,1433,1474,1498,1412,1441,1466,1451,1420,1427,1495,1473,1441,1490,1494,1481,1448,1477,1461,1407,1415,1453,1471,1482,1471,ECB
1433,1500,1492,1500,1473,1470,1490,1426,1451,1436,1426,1473,1400,1484,1492,1445,1491,1489,1481,1451,1488,1428,1478,1434,1469,1491,1478,1417,1463,1433,ECB
1420,1414,1487,1428,1434,1488,1400,1449,1488,1473,1474,1432,1422,1402,1400,1402,1424,1431,1499,1440,1417,1424,1424,1431,1465,1451,1494,1412,1439,1499,CBC
1480,1423,1448,1495,1469,1487,1487,1405,1461,1426,1467,1428,1431,1490,1447,1476,1424,1445,1424,1489,1467,1407,1471,1481,1440,1405,1428,1446,1405,1434,CBC
1457,1440,1458,1415,1461,1444,1452,1427,1443,1440,1413,1440,1461,1413,1447,1432,1468,1469,1446,1446,1415,1500,1416,1423,1421,1499,1466,1478,1457,1442,CBC
1467,1426,1472,1400,1496,1428,1468,1454,1466,1474,1425,1468,1424,1443,1491,1433,1430,1467,1400,1409,1433,1463,1433,1471,1489,1425,1491,1487,1435,1457,CBC
1494,1478,1414,1488,1457,1435,1485,1476,1445,1408,1418,1498,1420,1443,1462,1418,1471,1463,1432,1416,1500,1467,1462,1479,1457,1474,1421,1437,1470,1480,CBC
1402,1426,1403,1457,1493,1437,1423,1462,1468,1497,1489,1431,1447,1488,1407,1459,1489,1407,1495,1473,1459,1405,1419,1419,1491,1466,1442,1408,1484,1433,CBC
1401,1480,1491,1467,1485,1410,1417,1481,1413,1489,1463,1415,1490,1454,1455,1457,1457,1475,1490,1492,1480,1410,1427,1491,1490,1460,1495,1414,1401,1441,CBC
1478,1499,1446,1400,1450,1429,1400,1493,1409,1497,1472,1460,1462,1442,1491,1466,1418,1401,1496,1419,1471,1493,1418,1400,1409,1500,1446,1450,1462,1493,CBC
1436,1442,1420,1410,1446,1463,1419,1445,1488,1434,1446,1451,1432,1473,1453,1402,1441,1470,1481,1407,1488,1495,1423,1483,1450,1448,1407,1402,1439,1403,CBC
1449,1492,1429,1495,1488,1467,1484,1464,1417,1422,1400,1434,1472,1410,1428,1475,1473,1429,1430,1447,1494,1404,1404,1456,1486,1437,1490,1476,1460,1476,CBC
1402,1472,1444,1493,1408,1433,1446,1444,1463,1457,1444,1460,1438,1479,1422,1452,1494,1488,1482,1497,1402,1409,1482,1422,1414,1402,1422,1401,1475,1401,CBC
1433,1418,1460,1448,1489,1459,1423,1472,1452,1402,1404,1462,1430,1457,1422,1487,1407,1487,1415,1495,1464,1444,1448,1446,1458,1458,1498,1411,1498,1422,CBC
1457,1472,1405,1437,1444,1409,1407,1428,1406,1467,1420,1466,1447,1418,1480,1459,1468,1488,1463,1416,1461,1487,1423,1431,1484,1428,1493,1431,1494,1453,CBC
1434,1472,1473,1475,1477,1463,1490,1468,1485,1444,1442,1493,1433,1433,1468,1497,1415,1485,1427,1429,1421,1405,1408,1488,1451,1453,1481,1466,1431,1403,CBC
1472,1405,1482,1440,1424,1454,1447,1451,1489,1497,1402,1453,1428,1488,1489,1460,1451,1414,1425,1441,1412,1403,1419,1490,1489,1495,1457,1460,1489,1424,CBC
1470,1449,1429,1402,1447,1431,1469,1455,1446,1459,1434,1430,1411,1461,1480,1448,1441,1437,1470,1444,1432,1420,1483,1424,1470,1476,1417,1420,1476,1432,CBC
1442,1465,1413,1477,1417,1402,1411,1411,1427,1473,1406,1452,1498,1461,1493,1433,1467,1426,1492,1410,1444,1443,1443,1494,1457,1429,1444,1478,1450,1429,CBC
1487,1441,1452,1445,1400,1491,1463,1449,1458,1491,1499,1473,1453,1406,1456,1444,1437,1444,1422,1435,1447,1404,1487,1485,1442,1495,1433,1456,1448,1497,CBC
1497,1496,1498,1416,1463,1459,1424,1431,1467,1460,1410,1407,1442,1475,1468,1426,1499,1413,1434,1439,1479,1442,1473,1422,1496,1450,1441,1449,1427,1430,CBC
1462,1472,1492,1437,1409,1466,1456,1468,1482,1454,1456,1432,1477,1484,1446,1447,1491,1479,1459,1497,1408,1425,1470,1451,1409,1480,1471,1491,1484,1453,CBC
1486,1416,1447,1452,1474,1466,1492,1468,1464,1443,1481,1459,1407,1478,1478,1429,1493,1415,1461,1474,1440,1469,1404,1484,1471,1457,1416,1448,1440,1483,CBC
1423,1494,1418,1473,1476,1439,1465,1500,1439,1435,1414,1491,1489,1496,1440,1448,1432,1459,1401,1480,1483,1466,1497,1500,1457,1489,1482,1493,1401,1473,CBC
1468,1488,1465,1471,1431,1493,1495,1468,1464,1474,1443,1498,1480,1486,1491,1446,1460,1443,1413,1407,1445,1415,1500,1413,1494,1456,1441,1498,1403,1426,CBC
1497,1437,1495,1407,1474,1402,1479,1485,1489,1483,1445,1486,1405,1431,1412,1467,1411,1483,1464,1487,1440,1436,1409,1500,1425,1422,1459,1485,1453,1440,CBC
1457,1421,1487,1435,1402,1486,1445,1491,1424,1497,1487,1448,1459,1444,1453,1427,1488,1461,1496,1491,1442,1427,1441,1447,1479,1418,1456,1455,1403,1481,CBC
1485,1414,1457,1406,1470,1480,1444,1421,1434,1413,1485,1475,1455,1407,1499,1476,1428,1420,1411,1473,1492,1444,1453,1499,1458,1407,1400,1441,1429,1459,CBC
1460,1400,1459,1474,1487,1460,1403,1448,1479,1493,1451,1474,1403,1452,1483,1475,1450,1453,1485,1492,1471,1410,1475,1428,1484,1478,1483,1492,1488,1482,CBC
1473,1412,1453,1426,1476,1430,1419,1412,1477,1459,1491,1477,1470,1411,1431,1456,1492,1441,1500,1477,1462,1433,1410,1450,1448,1452,1450,1413,1423,1427,CBC
1493,1430,1404,1449,1446,1445,1465,1438,1421,1466,1427,1409,1487,1457,1470,1429,1464,1435,1470,1430,1425,1478,1420,1494,1443,1495,1401,1498,1454,1499,CBC
1468,1471,1483,1407,1443,1463,1482,1433,1447,1448,1402,1442,1408,1483,1425,1466,1470,1420,1428,1450,1466,1484,1455,1498,1408,1419,1426,1417,1483,1457,CBC
1476,1462,1408,1448,1428,1426,1470,1449,1465,1440,1422,1459,1445,1472,1403,1443,1442,1446,1424,1438,1437,1500,1479,1419,1481,1402,1447,1454,1487,1417,CBC
1455,1480,1451,1432,1487,1492,1494,1457,1462,1407,1467,1467,1484,1463,1428,1437,1431,1497,1400,1427,1481,1468,1457,1432,1437,1459,1493,1467,1468,1457,CBC
1460,1474,1404,1438,1431,1447,1424,1493,1454,1407,1493,1466,1412,1411,1432,1444,1498,1442,1424,1475,1467,1484,1490,1455,1440,1462,1458,1402,1470,1447,CBC
1420,1499,1460,1487,1433,1471,1440,1418,1489,1421,1454,1437,1497,1427,1469,1425,1410,1490,1499,1466,1428,1413,1500,1486,1428,1473,1472,1412,1400,1453,CBC
1406,1458,1436,1412,1464,1464,1469,1451,1486,1465,1472,1464,1454,1422,1453,1402,1456,1470,1444,1401,1405,1472,1486,1415,1440,1462,1455,1487,1484,1496,CBC
1401,1431,1408,1415,1457,1400,1473,1494,1448,1496,1405,1400,1498,1480,1416,1491,1442,1423,1460,1448,1456,1422,1468,1406,1429,1432,1484,1447,1465,1409,CBC
1483,1472,1477,1404,1461,1459,1484,1409,1408,1408,1472,1500,1453,1471,1466,1492,1490,1478,1450,1489,1418,1417,1491,1480,1432,1458,1414,1500,1400,1438,CBC
1412,1429,1405,1496,1428,1493,1415,1463,1478,1494,1500,1427,1423,1451,1474,1482,1496,1420,1490,1413,1476,1478,1413,1473,1426,1420,1489,1413,1486,1473,CBC
1495,1467,1436,1432,1478,1426,1442,1457,1453,1495,1411,1402,1426,1479,1438,1442,1425,1408,1479,1488,1446,1416,1431,1454,1444,1411,1468,1428,1408,1409,CBC
1467,1450,1400,1419,1402,1486,1469,1473,1449,1412,1493,1404,1476,1478,1442,1400,1457,1429,1459,1428,1424,1420,1407,1461,1401,1499,1459,1470,1414,1423,CBC
1447,1456,1443,1491,1473,1439,1499,1492,1432,1487,1428,1405,1415,1478,1495,1495,1438,1460,1427,1419,1402,1433,1492,1457,1430,1423,1475,1493,1413,1465,CBC
1446,1491,1429,1416,1467,1465,1425,1415,1445,1490,1417,1496,1470,1422,1498,1479,1414,1411,1424,1441,1477,1460,1496,1417,1411,1457,1400,1462,1422,1459,CBC
1416,1428,1495,1494,1482,1408,1403,1419,1435,1476,1437,1496,1448,1421,1485,1443,1453,1492,1484,1479,1425,1472,1495,1454,1496,1437,1455,1423,1441,1468,CBC
1491,1435,1456,1454,1463,1466,1415,1472,1442,1412,1456,1490,1451,1424,1480,1493,1449,1482,1444,1471,1435,1490,1493,1438,1429,1428,1457,1477,1440,1447,CBC
1471,1440,1471,1452,1498,1416,1425,1450,1495,1445,1483,1435,1500,1422,1475,1422,1493,1455,1413,1472,1405,1465,1403,1443,1489,1460,1490,1400,1478,1452,CBC
1455,1478,1454,1477,1463,1431,1429,1400,1443,1407,1436,1435,1413,1487,1417,1437,1490,1450,1491,1470,1483,1422,1475,1449,1413,1412,1431,1500,1431,1446,CBC
1496,1444,1424,1436,1494,1483,1480,1435,1476,1441,1427,1428,1418,1444,1439,1488,1401,1424,1407,1415,1423,1474,1438,1498,1469,1405,1412,1410,1499,1424,CBC
1419,1406,1487,1460,1424,1441,1414,1489,1470,1410,1473,1429,1420,1460,1489,1413,1400,1485,1417,1444,1441,1413,1469,1437,1500,1451,1474,1437,1433,1462,CBC
1463,1476,1473,1429,1425,1483,1430,1477,1477,1430,1410,1418,1404,1429,1475,1417,1406,1431,1418,1461,1457,1474,1420,1496,1476,1420,1414,1480,1418,1460,CBC
1496,1460,1495,1493,1497,1488,1483,1437,1414,1435,1466,1409,1417,1420,1417,1499,1467,1434,1450,1404,1431,1460,1409,1484,1464,1465,1439,1428,1435,1430,CBC
1487,1484,1467,1404,1475,1497,1433,1406,1446,1484,1409,1421,1485,1426,1472,1433,1490,1431,1499,1440,1465,1500,1444,1446,1462,1489,1430,1497,1464,1402,CBC
1422,1414,1450,1475,1437,1462,1473,1473,1467,1416,1449,1473,1497,1486,1431,1456,1407,1467,1422,1465,1422,1470,1489,1476,1404,1408,1497,1473,1497,1422,CBC
1408,1440,1491,1462,1457,1453,1464,1440,1492,1470,1499,1469,1411,1458,1477,1466,1418,1435,1468,1492,1469,1500,1454,1450,1476,1418,1418,1450,1451,1499,CBC
1440,1408,1449,1500,1479,1464,1402,1487,1452,1497,1498,1479,1416,1452,1496,1466,1425,1467,1471,1467,1419,1453,1440,1437,1404,1433,1479,1473,1412,1459,CBC
1498,1483,1465,1479,1451,1430,1454,1441,1401,1466,1489,1414,1470,1428,1425,1420,1435,1439,1419,1414,1444,1499,1474,1443,1468,1408,1497,1499,1457,1490,CBC
1467,1439,1498,1434,1414,1433,1491,1403,1428,1472,1440,1472,1488,1426,1500,1423,1444,1416,1468,1456,1453,1481,1453,1487,1491,1414,1426,1423,1400,1456,CBC
1466,1456,1416,1422,1463,1470,1450,1417,1460,1459,1426,1443,1476,1426,1496,1431,1473,1419,1494,1426,1495,1471,1486,1435,1490,1456,1409,1418,1494,1419,CBC
1405,1478,1456,1442,1404,1450,1460,1490,1459,1430,1457,1457,1448,1410,1401,1478,1449,1412,1500,1423,1474,1480,1459,1414,1478,1483,1430,1457,1495,1496,CBC
1419,1492,1459,1408,1459,1462,1440,1444,1411,1473,1463,1427,1436,1436,1490,1449,1452,1421,1459,1433,1500,1420,1427,1429,1413,1459,1409,1426,1437,1410,CBC
1444,1407,1492,1406,1408,1491,1437,1475,1429,1486,1472,1492,1494,1468,1406,1416,1468,1429,1458,1468,1440,1448,1435,1458,1451,1425,1499,1473,1476,1499,CBC
1450,1487,1461,1427,1428,1494,1468,1447,1460,1453,1482,1488,1459,1425,1491,1492,1421,1486,1407,1473,1482,1477,1426,1458,1477,1483,1472,1420,1431,1427,CBC
1461,1439,1500,1426,1435,1491,1430,1406,1400,1466,1490,1443,1447,1468,1474,1493,1497,1493,1423,1487,1426,1432,1495,1476,1460,1466,1456,1431,1434,1425,CBC
1444,1426,1477,1447,1481,1454,1409,1443,1402,1422,1431,1449,1483,1425,1478,1477,1421,1451,1488,1424,1483,1409,1423,1479,1480,1441,1479,1455,1450,1425,CBC
1443,1456,1427,1404,1492,1488,1433,1418,1447,1456,1441,1440,1434,1423,1408,1495,1495,1452,1472,1435,1455,1408,1450,1402,1437,1416,1492,1478,1456,1439,CBC
1400,1417,1435,1425,1447,1483,1409,1497,1456,1407,1469,1490,1440,1457,1467,1439,1492,1421,1439,1447,1407,1456,1415,1485,1476,1474,1404,1448,1479,1486,CBC
1438,1452,1496,1419,1478,1439,1414,1483,1488,1419,1468,1459,1493,1486,1412,1413,1423,1404,1413,1408,1433,1451,1407,1433,1494,1437,1438,1441,1475,1493,CBC
1479,1492,1418,1440,1423,1405,1461,1421,1415,1467,1488,1424,1417,1437,1419,1460,1439,1443,1447,1435,1479,1411,1469,1489,1471,1430,1478,1489,1423,1415,CBC
1471,1415,1441,1451,1448,1436,1470,1424,1462,1496,1466,1496,1402,1450,1410,1490,1406,1442,1446,1492,1448,1466,1474,1471,1465,1500,1410,1437,1416,1470,CBC
1480,1448,1413,1406,1472,1446,1479,1448,1499,1412,1469,1441,1497,1454,1486,1457,1473,1491,1480,1464,1467,1437,1471,1450,1417,1478,1469,1414,1435,1421,CBC
1474,1409,1419,1470,1470,1457,1402,1499,1442,1481,1426,1485,1469,1491,1476,1447,1478,1407,1434,1494,1403,1428,1433,1491,1451,1430,1443,1495,1466,1478,CBC
1453,1460,1411,1435,1448,1404,1424,1458,1450,1458,1435,1494,1401,1468,1436,1456,1487,1440,1480,1472,1480,1473,1497,1413,1478,1437,1435,1444,1451,1492,CBC
1459,1419,1442,1425,1467,1495,1488,1493,1476,1482,1429,1431,1428,1467,1403,1431,1400,1469,1400,1483,1491,1476,1436,1421,1450,1450,1446,1464,1430,1451,CBC
1409,1435,1477,1409,1433,1404,1400,1494,1456,1445,1470,1492,1442,1410,1474,1459,1479,1450,1424,1497,1406,1465,1492,1480,1415,1418,1465,1473,1472,1443,CBC
1459,1468,1457,1489,1427,1458,1436,1437,1434,1422,1457,1457,1436,1464,1413,1434,1474,1485,1420,1418,1442,1497,1459,1466,1416,1444,1400,1437,1448,1476,CBC
1402,1499,1420,1422,1456,1444,1435,1411,1404,1453,1446,1470,1439,1464,1455,1412,1410,1408,1404,1488,1425,1465,1500,1458,1435,1401,1402,1427,1474,1489,CBC
1436,1458,1415,1419,1454,1478,1443,1452,1417,1468,1436,1452,1499,1406,1432,1479,1410,1417,1462,1440,1466,1449,1498,1468,1487,1455,1433,1493,1414,1409,CBC
1472,1428,1477,1422,1473,1416,1429,1461,1419,1481,1474,1426,1498,1495,1428,1437,1452,1470,1452,1431,1457,1465,1444,1472,1481,1469,1485,1468,1464,1454,CBC
1499,1455,1410,1405,1472,1411,1474,1500,1415,1472,1479,1468,1471,1498,1451,1491,1427,1409,1468,1429,1462,1403,1414,1438,1490,1413,1466,1440,1436,1493,CBC
1470,1466,1448,1449,1479,1489,1437,1405,1432,1404,1423,1409,1449,1478,1425,1457,1453,1455,1468,1421,1481,1408,1436,1428,1496,1425,1458,1427,1424,1446,CBC
1447,1496,1461,1498,1445,1458,1445,1487,1400,1434,1467,1421,1447,1436,1414,1416,1455,1458,1438,1412,1493,1465,1465,1481,1445,1480,1415,1487,1470,1450,CBC
1467,1401,1430,1426,1401,1488,1478,1447,1416,1441,1433,1470,1411,1438,1451,1492,1476,1455,1487,1415,1492,1476,1487,1427,1486,1415,1425,1435,1424,1450,CBC
1481,1488,1478,1436,1441,1440,1403,1423,1415,1429,1402,1453,1467,1416,1497,1417,1425,1496,1440,1486,1440,1414,1472,1465,1412,1476,1418,1406,1498,1433,CBC
1472,1446,1401,1403,1442,1455,1426,1471,1491,1468,1411,1497,1449,1408,1414,1403,1435,1464,1453,1484,1495,1462,1438,1434,1401,1419,1412,1429,1402,1470,CBC
1419,1484,1486,1401,1417,1452,1492,1483,1500,1434,1401,1415,1499,1413,1450,1445,1475,1474,1422,1421,1420,1428,1489,1461,1467,1403,1483,1433,1480,1426,CBC
1481,1431,1464,1492,1493,1415,1446,1459,1421,1486,1488,1486,1459,1487,1448,1462,1420,1466,1489,1498,1477,1494,1404,1486,1401,1413,1422,1424,1463,1402,CBC
1449,1464,1409,1462,1486,1456,1496,1449,1431,1466,1469,1444,1470,1484,1405,1450,1490,1490,1409,1476,1431,1476,1450,1473,1456,1408,1444,1420,1441,1417,CBC
1433,1481,1414,1403,1474,1491,1442,1468,1445,1408,1422,1424,1458,1424,1404,1469,1440,1419,1427,1415,1467,1443,1471,1435,1448,1439,1495,1481,1436,1469,CBC
1432,1440,1449,1404,1405,1421,1468,1477,1402,1467,1492,1488,1461,1422,1408,1428,1408,1475,1414,1454,1427,1490,1463,1473,1401,1487,1456,1434,1402,1430,CBC
1464,1461,1409,1418,1406,1455,1428,1403,1445,1469,1453,1470,1489,1472,1456,1491,1450,1423,1440,1412,1405,1491,1402,1496,1473,1463,1499,1450,1412,1492,CBC
1415,1493,1444,1440,1484,1450,1406,1458,1487,1447,1422,1456,1439,1472,1430,1497,1424,1446,1413,1406,1466,1452,1449,1424,1448,1490,1428,1400,1409,1487,CBC
1427,1414,1432,1435,1466,1423,1423,1419,1429,1494,1490,1490,1447,1484,1440,1460,1483,1457,1479,1478,1432,1435,1456,1455,1416,1461,1494,1424,1472,1400,CBC
1400,1409,1479,1449,1437,1492,1420,1466,1462,1427,1494,1419,1426,1450,1426,1422,1422,1419,1447,1447,1405,1419,1450,1402,1447,1446,1499,1465,1415,1449,CBC
1455,1485,1476,1403,1491,1417,1442,1438,1415,1459,1467,1462,1417,1445,1434,1496,1431,1443,1408,1487,1426,1496,1442,1423,1410,1489,1464,1471,1446,1421,CBC
1417,1488,1457,1415,1492,1439,1407,1439,1435,1456,1489,1440,1433,1401,1479,1458,1438,1404,1474,1437,1459,1480,1432,1424,1447,1424,1463,1418,1416,1439,CBC
1498,1496,1462,1406,1496,1498,1472,1492,1409,1434,1498,1474,1489,1495,1472,1409,1405,1442,1430,1483,1464,1475,1480,1492,1442,1499,1455,1438,1461,1434,CBC
1471,1400,1465,1462,1495,1464,1428,1486,1486,1472,1435,1468,1482,1407,1488,1402,1430,1439,1415,1421,1455,1429,1407,1433,1408,1481,1457,1477,1434,1417,CBC
1494,1417,1472,1489,1494,1478,1435,1401,1449,1404,1451,1497,1427,1469,1451,1488,1407,1401,1423,1456,1438,1462,1409,1471,1426,1408,1425,1486,1430,1423,CBC
1402,1427,1493,1421,1411,1432,1404,1478,1449,1403,1403,1482,1465,1472,1457,1434,1485,1405,1470,1421,1424,1452,1495,1423,1472,1468,1499,1488,1482,1410,CBC
1484,1443,1410,1468,1475,1479,1436,1449,1472,1437,1428,1495,1462,1495,1472,1462,1499,1423,1434,1409,1487,1482,1463,1425,1401,1468,1416,1475,1418,1453,CBC
1486,1436,1446,1487,1485,1474,1479,1476,1443,1496,1465,1439,1434,1439,1419,1466,1484,1485,1424,1431,1499,1489,1419,1410,1407,1438,1467,1486,1411,1404,CBC
1472,1444,1418,1467,1486,1420,1449,1403,1435,1496,1478,1468,1499,1418,1499,1463,1437,1498,1434,1450,1494,1455,1465,1410,1467,1424,1493,1436,1415,1420,CFB
1415,1429,1457,1425,1487,1486,1481,1456,1468,1495,1480,1471,1485,1423,1410,1495,1467,1437,1441,1453,1500,1401,1476,1436,1481,1442,1424,1489,1409,1412,CFB
1442,1483,1472,1462,1439,1462,1481,1430,1451,1418,1457,1462,1467,1449,1443,1475,1430,1445,1448,1452,1444,1456,1403,1436,1476,1425,1474,1443,1483,1467,CFB
1484,1497,1452,1455,1479,1422,1449,1477,1436,1464,1412,1419,1425,1442,1481,1444,1474,1439,1409,1495,1499,1496,1441,1406,1445,1500,1488,1454,1414,1484,CFB
1454,1432,1424,1408,1493,1411,1448,1466,1416,1489,1497,1423,1448,1443,1405,1455,1454,1430,1429,1428,1499,1411,1400,1468,1439,1407,1403,1457,1442,1478,CFB
1492,1423,1485,1418,1434,1407,1403,1439,1470,1441,1420,1494,1456,1468,1462,1400,1416,1500,1432,1415,1423,1487,1442,1487,1438,1415,1471,1468,1421,1492,CFB
1421,1435,1421,1433,1477,1432,1497,1444,1499,1490,1402,1485,1499,1500,1422,1477,1425,1427,1404,1451,1485,1421,1424,1434,1405,1474,1446,1430,1423,1406,CFB
1429,1408,1418,1489,1497,1422,1444,1419,1447,1475,1448,1480,1496,1431,1478,1408,1409,1439,1446,1494,1424,1484,1431,1407,1472,1420,1435,1457,1414,1474,CFB
1407,1463,1473,1417,1476,1434,1416,1438,1490,1466,1443,1439,1433,1423,1405,1487,1409,1442,1413,1455,1468,1442,1443,1469,1493,1481,1478,1493,1453,1404,CFB
1469,1437,1405,1429,1445,1429,1482,1458,1495,1461,1497,1454,1496,1405,1463,1444,1449,1408,1472,1481,1431,1418,1470,1402,1489,1490,1435,1476,1416,1465,CFB
1487,1400,1421,1417,1461,1499,1404,1474,1402,1486,1481,1428,1453,1426,1406,1433,1474,1424,1412,1400,1421,1466,1487,1462,1471,1443,1448,1408,1453,1422,CFB
1467,1486,1448,1428,1463,1445,1456,1464,1468,1414,1476,1431,1462,1454,1465,1415,1431,1437,1435,1404,1493,1470,1415,1424,1497,1479,1428,1439,1470,1405,CFB
1498,1455,1489,1421,1401,1427,1487,1443,1402,1460,1444,1430,1468,1462,1498,1472,1445,1473,1457,1415,1445,1424,1457,1431,1425,1470,1456,1451,1493,1458,CFB
1500,1412,1423,1492,1415,1444,1413,1493,1417,1462,1452,1438,1467,1463,1485,1431,1410,1469,1484,1487,1428,1404,1418,1458,1494,1424,1457,1476,1474,1453,CFB
1446,1452,1498,1456,1411,1496,1463,1478,1461,1494,1416,1450,1433,1464,1406,1400,1401,1442,1470,1477,1402,1478,1411,1430,1441,1482,1443,1479,1482,1500,CFB
1491,1453,1491,1498,1428,1444,1448,1435,1403,1426,1457,1450,1421,1428,1495,1487,1474,1472,1430,1449,1432,1468,1450,1428,1407,1416,1460,1459,1447,1428,CFB
1434,1414,1482,1405,1415,1490,1479,1471,1453,1485,1496,1461,1447,1498,1477,1434,1475,1419,1407,1447,1448,1444,1422,1439,1488,1481,1470,1469,1461,1452,CFB
1495,1427,1403,1486,1491,1455,1449,1453,1483,1465,1438,1460,1445,1493,1466,1456,1493,1401,1439,1480,1494,1499,1471,1485,1429,1485,1485,1412,1438,1463,CFB
1426,1431,1461,1440,1496,1453,1402,1412,1496,1500,1470,1411,1457,1495,1479,1432,1414,1430,1473,1409,1445,1410,1487,1452,1447,1416,1418,1438,1492,1490,CFB
1432,1456,1448,1407,1446,1484,1466,1402,1474,1403,1489,1426,1453,1456,1448,1438,1495,1445,1481,1485,1435,1442,1451,1471,1406,1487,1452,1431,1445,1488,CFB
1478,1407,1450,1420,1404,1452,1480,1467,1443,1427,1483,1468,1446,1413,1462,1471,1412,1447,1419,1498,1467,1476,1456,1441,1429,1419,1426,1422,1451,1443,CFB
1493,1478,1479,1453,1493,1496,1421,1464,1449,1429,1472,1472,1472,1467,1474,1457,1488,1425,1495,1436,1480,1447,1496,1420,1424,1401,1426,1422,1457,1475,CFB
1411,1431,1412,1443,1438,1465,1467,1413,1478,1500,1480,1485,1500,1473,1423,1434,1474,1438,1500,1429,1499,1492,1441,1473,1409,1419,1467,1447,1492,1475,CFB
1499,1441,1408,1472,1428,1448,1478,1424,1400,1476,1426,1430,1451,1437,1475,1439,1463,1438,1461,1427,1427,1414,1404,1441,1489,1431,1493,1487,1445,1400,CFB
1490,1498,1495,1447,1440,1448,1410,1478,1441,1445,1458,1422,1476,1456,1456,1493,1488,1437,1479,1472,1421,1443,1457,1440,1471,1457,1403,1489,1485,1411,CFB
1403,1457,1421,1446,1449,1483,1472,1452,1481,1478,1438,1418,1495,1471,1411,1429,1483,1483,1461,1427,1496,1444,1452,1454,1435,1469,1431,1434,1440,1445,CFB
1402,1419,1485,1444,1461,1443,1417,1476,1462,1441,1431,1457,1481,1477,1483,1460,1451,1435,1415,1479,1497,1471,1431,1421,1464,1477,1421,1464,1473,1448,CFB
1435,1441,1414,1435,1481,1452,1500,1415,1406,1446,1453,1492,1466,1475,1497,1482,1401,1406,1433,1492,1480,1423,1426,1402,1445,1459,1495,1447,1488,1434,CFB
1491,1406,1487,1458,1500,1463,1460,1497,1482,1473,1492,1413,1459,1484,1416,1480,1452,1468,1446,1474,1444,1484,1480,1444,1471,1443,1407,1413,1458,1491,CFB
1447,1440,1431,1421,1404,1407,1419,1454,1444,1491,1405,1420,1496,1479,1411,1451,1431,1469,1412,1499,1482,1438,1434,1499,1462,1428,1401,1468,1401,1409,CFB
1437,1404,1426,1420,1442,1411,1478,1442,1413,1463,1477,1496,1458,1410,1421,1487,1415,1467,1416,1494,1462,1417,1442,1499,1463,1492,1451,1420,1458,1473,CFB
1446,1463,1467,1401,1442,1499,1429,1437,1487,1416,1435,1442,1471,1439,1484,1430,1478,1480,1467,1464,1474,1466,1480,1492,1400,1500,1447,1400,1458,1493,CFB
1485,1482,1462,1472,1498,1468,1493,1500,1456,1438,1414,1430,1459,1454,1439,1451,1413,1449,1438,1415,1422,1428,1406,1428,1441,1466,1467,1500,1426,1485,CFB
1425,1464,1496,1495,1436,1417,1428,1498,1444,1424,1415,1456,1427,1474,1499,1427,1453,1446,1442,1401,1471,1468,1403,1442,1429,1441,1497,1474,1450,1436,CFB
1458,1423,1455,1458,1465,1419,1429,1422,1442,1417,1497,1409,1462,1495,1412,1461,1401,1411,1455,1440,1400,1447,1421,1420,1400,1400,1408,1483,1406,1444,CFB
1417,1465,1448,1402,1401,1446,1478,1448,1443,1418,1455,1423,1489,1477,1437,1454,1410,1413,1489,1447,1431,1441,1422,1402,1477,1470,1439,1415,1458,1442,CFB
1402,1493,1459,1417,1427,1473,1401,1483,1409,1421,1485,1497,1404,1455,1412,1420,1498,1488,1485,1464,1421,1468,1483,1500,1418,1458,1424,1423,1407,1418,CFB
1482,1414,1466,1405,1478,1475,1440,1454,1468,1449,1422,1434,1483,1433,1431,1451,1470,1486,1499,1409,1489,1419,1441,1452,1425,1441,1461,1460,1475,1479,CFB
1489,1408,1492,1471,1469,1416,1460,1459,1440,1430,1483,1436,1496,1489,1406,1406,1431,1422,1483,1420,1488,1484,1477,1465,1436,1462,1500,1443,1470,1477,CFB
1439,1468,1424,1464,1478,1475,1442,1492,1464,1457,1440,1419,1445,1473,1426,1404,1499,1494,1475,1411,1419,1461,1491,1428,1421,1411,1420,1446,1436,1437,CFB
1473,1418,1457,1459,1437,1483,1402,1412,1472,1404,1400,1450,1450,1458,1454,1427,1496,1443,1492,1481,1468,1493,1452,1410,1465,1424,1468,1425,1454,1493,CFB
1489,1499,1492,1410,1470,1408,1472,1481,1475,1495,1424,1448,1495,1493,1412,1418,1424,1466,1471,1401,1447,1407,1479,1478,1416,1484,1479,1494,1428,1419,CFB
1466,1449,1489,1476,1405,1410,1417,1474,1430,1489,1445,1412,1474,1405,1461,1451,1477,1402,1474,1482,1462,1431,1409,1409,1409,1499,1418,1440,1424,1401,CFB
1500,1451,1403,1406,1455,1402,1490,1460,1435,1426,1483,1479,1454,1413,1406,1413,1461,1404,1478,1420,1420,1487,1497,1448,1431,1453,1419,1413,1432,1465,CFB
1441,1472,1468,1466,1482,1496,1466,1493,1441,1488,1461,1438,1498,1494,1461,1474,1482,1401,1420,1407,1463,1453,1476,1482,1421,1472,1487,1496,1419,1476,CFB
1447,1482,1500,1489,1409,1408,1495,1491,1444,1470,1495,1483,1446,1497,1465,1443,1430,1478,1415,1411,1467,1445,1437,1456,1498,1422,1416,1417,1407,1450,CFB
1483,1492,1432,1440,1489,1441,1450,1471,1417,1499,1497,1423,1416,1493,1417,1416,1472,1493,1445,1489,1492,1447,1488,1483,1429,1416,1470,1463,1413,1450,CFB
1421,1421,1424,1485,1402,1477,1496,1475,1447,1411,1477,1431,1452,1464,1461,1465,1466,1500,1462,1426,1462,1455,1421,1449,1479,1427,1450,1454,1429,1458,CFB
1410,1494,1482,1444,1460,1489,1425,1465,1481,1499,1412,1403,1492,1411,1476,1447,1465,1433,1458,1418,1470,1428,1425,1446,1478,1417,1475,1450,1479,1402,CFB
1416,1434,1423,1418,1409,1408,1478,1480,1437,1453,1421,1459,1489,1448,1493,1425,1458,1419,1420,1414,1463,1483,1460,1454,1490,1478,1454,1458,1445,1454,CFB
1489,1416,1440,1448,1494,1414,1500,1427,1448,1483,1499,1472,1477,1414,1448,1483,1463,1492,1483,1435,1483,1482,1414,1490,1440,1419,1498,1448,1466,1420,CFB
1472,1412,1407,1437,1448,1470,1461,1423,1475,1437,1412,1467,1442,1496,1467,1460,1492,1487,1427,1496,1462,1451,1466,1449,1449,1487,1468,1458,1490,1440,CFB
1472,1495,1433,1442,1479,1424,1449,1447,1469,1483,1444,1410,1488,1445,1418,1457,1498,1468,1428,1487,1420,1460,1430,1469,1412,1499,1419,1433,1491,1444,CFB
1487,1431,1445,1416,1408,1431,1459,1462,1432,1438,1500,1436,1481,1455,1496,1454,1461,1446,1481,1497,1459,1402,1491,1470,1481,1405,1463,1487,1483,1464,CFB
1500,1473,1484,1448,1413,1461,1468,1485,1474,1418,1456,1405,1488,1449,1452,1418,1402,1481,1481,1414,1462,1417,1455,1401,1478,1460,1473,1412,1447,1442,CFB
1486,1421,1482,1469,1486,1408,1459,1494,1460,1458,1400,1497,1402,1431,1429,1443,1468,1404,1478,1460,1491,1437,1439,1492,1444,1489,1473,1446,1456,1428,CFB
1497,1448,1491,1487,1407,1415,1420,1479,1429,1465,1406,1448,1408,1442,1453,1482,1456,1466,1470,1411,1406,1477,1415,1442,1481,1459,1498,1429,1451,1488,CFB
1462,1484,1421,1460,1402,1421,1467,1434,1406,1431,1443,1496,1459,1409,1419,1485,1411,1424,1461,1441,1440,1493,1452,1405,1449,1488,1457,1466,1471,1414,CFB
1465,1441,1469,1446,1410,1430,1448,1436,1498,1462,1435,1427,1435,1477,1463,1486,1484,1441,1461,1467,1414,1465,1436,1426,1437,1404,1447,1441,1447,1491,CFB
1426,1417,1432,1449,1475,1443,1440,1469,1423,1429,1483,1408,1445,1468,1420,1467,1493,1487,1474,1461,1422,1420,1463,1440,1410,1488,1483,1411,1454,1480,CFB
1465,1414,1411,1441,1460,1468,1451,1411,1474,1462,1454,1405,1468,1427,1498,1474,1408,1499,1453,1446,1477,1463,1471,1411,1444,1470,1448,1434,1428,1419,CFB
1400,1464,1500,1409,1451,1419,1492,1488,1472,1415,1426,1488,1457,1455,1457,1403,1485,1437,1451,1435,1427,1441,1439,1469,1432,1449,1410,1401,1477,1439,CFB
1404,1415,1411,1445,1423,1451,1496,1477,1487,1422,1414,1463,1427,1498,1495,1496,1496,1407,1455,1444,1448,1460,1412,1430,1416,1428,1445,1410,1480,1468,CFB
1431,1473,1412,1456,1423,1440,1462,1413,1412,1413,1484,1470,1413,1486,1440,1411,1400,1452,1450,1474,1457,1418,1472,1494,1445,1445,1488,1416,1416,1426,CFB
1470,1422,1422,1464,1457,1457,1439,1447,1418,1480,1403,1444,1453,1402,1413,1405,1492,1483,1470,1456,1489,1413,1459,1481,1454,1457,1467,1426,1410,1417,CFB
1403,1436,1458,1401,1454,1432,1470,1412,1438,1500,1461,1457,1400,1498,1438,1436,1469,1454,1475,1427,1493,1439,1486,1454,1457,1408,1424,1425,1410,1493,CFB
1438,1477,1405,1414,1499,1407,1444,1436,1457,1463,1429,1414,1423,1479,1468,1407,1407,1403,1400,1400,1443,1498,1418,1491,1468,1410,1480,1414,1423,1451,CFB
1422,1466,1426,1477,1403,1478,1428,1416,1449,1481,1432,1490,1467,1400,1453,1496,1448,1406,1480,1443,1453,1450,1478,1442,1473,1436,1497,1446,1416,1419,CFB
1471,1474,1466,1485,1433,1450,1456,1416,1435,1440,1411,1429,1411,1461,1431,1433,1498,1496,1436,1428,1492,1493,1467,1412,1484,1444,1413,1450,1461,1478,CFB
1480,1402,1489,1451,1450,1413,1446,1499,1426,1472,1419,1476,1406,1465,1402,1462,1433,1451,1418,1439,1469,1433,1479,1490,1500,1441,1442,1450,1441,1489,CFB
1443,1495,1422,1482,1425,1455,1469,1461,1488,1474,1426,1469,1490,1435,1414,1404,1487,1467,1418,1417,1463,1436,1471,1451,1499,1464,1401,1411,1491,1413,CFB
1485,1425,1476,1484,1440,1452,1458,1426,1418,1465,1425,1418,1441,1427,1467,1489,1475,1444,1487,1420,1445,1500,1494,1473,1480,1454,1457,1444,1408,1466,CFB
1460,1466,1450,1401,1470,1419,1460,1474,1491,1479,1405,1444,1418,1460,1495,1494,1456,1472,1471,1491,1456,1455,1494,1492,1411,1423,1400,1445,1500,1457,CFB
1401,1456,1430,1461,1407,1455,1443,1482,1437,1485,1464,1441,1498,1478,1450,1473,1496,1481,1454,1413,1466,1425,1469,1466,1429,1495,1429,1483,1438,1443,CFB
1454,1446,1463,1410,1412,1417,1416,1436,1401,1498,1437,1417,1432,1445,1499,1405,1450,1438,1414,1490,1433,1472,1423,1427,1448,1454,1411,1439,1470,1487,CFB
1457,1474,1430,1491,1408,1470,1466,1400,1489,1431,1452,1496,1404,1406,1473,1475,1466,1401,1437,1414,1457,1445,1454,1420,1428,1407,1473,1487,1412,1448,CFB
1466,1446,1415,1472,1498,1414,1437,1482,1437,1457,1413,1491,1402,1448,1467,1450,1488,1473,1426,1465,1415,1443,1463,1484,1475,1434,1426,1400,1498,1410,CFB
1418,1457,1409,1421,1430,1477,1441,1489,1413,1489,1418,1425,1482,1481,1489,1435,1464,1419,1478,1462,1448,1466,1420,1488,1451,1498,1485,1449,1427,1488,CFB
1452,1410,1432,1440,1457,1461,1415,1402,1496,1417,1436,1440,1420,1422,1404,1419,1400,1417,1448,1449,1410,1446,1464,1410,1417,1482,1413,1447,1403,1446,CFB
1407,1448,1494,1479,1401,1432,1461,1432,1414,1445,1460,1425,1440,1408,1442,1482,1418,1497,1480,1451,1401,1447,1416,1444,1442,1456,1475,1428,1475,1460,CFB
1483,1471,1490,1486,1453,1473,1462,1439,1436,1448,1470,1500,1439,1492,1461,1484,1451,1413,1425,1421,1436,1494,1412,1456,1407,1406,1490,1426,1475,1476,CFB
1461,1472,1403,1430,1444,1404,1429,1472,1454,1456,1469,1436,1421,1426,1476,1414,1480,1450,1418,1426,1420,1473,1498,1410,1409,1480,1439,1491,1458,1450,CFB
1460,1489,1468,1439,1480,1443,1500,1454,1474,1403,1416,1457,1434,1439,1460,1402,1445,1465,1411,1433,1428,1458,1442,1499,1449,1431,1497,1404,1432,1489,CFB
1461,1412,1408,1431,1401,1430,1474,1486,1408,1464,1468,1476,1452,1494,1425,1500,1409,1431,1457,1407,1420,1490,1467,1497,1455,1416,1412,1481,1466,1417,CFB
1460,1403,1461,1439,1408,1497,1443,1473,1407,1424,1461,1409,1480,1470,1491,1466,1443,1423,1469,1406,1411,1459,1466,1451,1466,1481,1433,1462,1486,1452,CFB
1412,1476,1407,1429,1469,1448,1487,1452,1414,1431,1477,1456,1417,1462,1481,1477,1457,1474,1477,1410,1482,1469,1471,1477,1472,1483,1415,1405,1420,1406,CFB
1481,1476,1478,1457,1443,1452,1421,1499,1482,1430,1486,1421,1431,1446,1407,1448,1474,1456,1408,1492,1435,1447,1421,1407,1474,1449,1481,1485,1406,1495,CFB
1423,1449,1414,1408,1450,1445,1494,1436,1479,1432,1422,1418,1476,1443,1487,1445,1469,1499,1474,1472,1412,1451,1455,1432,1436,1462,1453,1440,1405,1447,CFB
1500,1495,1444,1428,1414,1413,1402,1476,1496,1494,1419,1423,1464,1446,1498,1466,1431,1448,1450,1474,1429,1438,1462,1444,1436,1439,1407,1451,1474,1444,CFB
1496,1420,1446,1422,1437,1413,1430,1453,1469,1454,1430,1484,1437,1414,1481,1406,1474,1409,1479,1455,1425,1491,1459,1471,1479,1492,1404,1475,1414,1426,CFB
1427,1426,1457,1443,1474,1476,1478,1451,1451,1457,1446,1418,1441,1468,1402,1438,1483,1426,1492,1494,1441,1466,1403,1462,1484,1487,1415,1476,1400,1435,CFB
1409,1493,1416,1464,1496,1436,1474,1427,1472,1463,1486,1453,1410,1492,1408,1474,1413,1448,1484,1452,1403,1402,1404,1437,1464,1417,1469,1489,1467,1455,CFB
1497,1424,1426,1476,1403,1440,1471,1414,1442,1485,1460,1442,1405,1444,1495,1437,1406,1476,1494,1436,1444,1412,1443,1430,1460,1498,1494,1496,1453,1446,CFB
1435,1457,1447,1458,1466,1489,1414,1441,1440,1445,1422,1496,1441,1438,1412,1423,1401,1423,1447,1418,1482,1444,1484,1459,1460,1464,1414,1409,1472,1500,CFB
1477,1449,1485,1427,1412,1479,1442,1401,1436,1477,1451,1486,1452,1440,1490,1498,1408,1432,1490,1426,1444,1404,1400,1456,1485,1429,1430,1468,1480,1416,CFB
1493,1490,1499,1484,1416,1474,1425,1498,1429,1452,1420,1401,1455,1451,1419,1423,1431,1450,1403,1447,1432,1465,1415,1480,1465,1472,1437,1406,1459,1459,CFB
1497,1456,1490,1489,1418,1427,1498,1410,1476,1415,1450,1462,1500,1482,1494,1411,1400,1478,1473,1496,1401,1402,1413,1479,1487,1435,1425,1436,1493,1460,CFB
1419,1470,1471,1485,1440,1436,1453,1468,1481,1428,1443,1407,1456,1430,1449,1461,1481,1450,1447,1417,1426,1434,1413,1419,1431,1487,1482,1497,1450,1452,CFB
1423,1495,1459,1480,1429,1467,1417,1408,1500,1498,1403,1405,1413,1414,1466,1497,1422,1426,1473,1408,1429,1478,1475,1438,1421,1485,1465,1477,1405,1493,CFB
1491,1465,1427,1500,1401,1498,1478,1457,1483,1445,1454,1432,1412,1491,1455,1500,1441,1424,1422,1488,1412,1431,1462,1406,1467,1456,1487,1408,1476,1497,CFB
1456,1418,1450,1411,1466,1469,1498,1418,1478,1422,1457,1432,1492,1415,1455,1499,1403,1427,1425,1477,1490,1462,1493,1463,1429,1498,1467,1435,1436,1431,CTR
1427,1465,1428,1494,1497,1410,1454,1443,1406,1433,1461,1400,1451,1441,1453,1412,1428,1426,1500,1442,1488,1466,1409,1489,1468,1467,1408,1475,1477,1457,CTR
1428,1463,1452,1414,1425,1434,1457,1451,1457,1483,1414,1499,1417,1449,1425,1443,1406,1461,1489,1493,1479,1491,1421,1421,1481,1414,1435,1474,1431,1482,CTR
1436,1466,1461,1400,1423,1424,1407,1474,1451,1447,1457,1491,1500,1418,1486,1415,1472,1462,1446,1472,1405,1417,1431,1488,1452,1474,1450,1484,1409,1431,CTR
1496,1476,1432,1408,1430,1448,1402,1466,1486,1403,1444,1435,1455,1444,1419,1437,1458,1476,1404,1464,1478,1477,1481,1453,1423,1439,1424,1406,1495,1445,CTR
1437,1487,1402,1473,1469,1493,1460,1405,1449,1420,1400,1476,1409,1401,1460,1407,1474,1464,1466,1459,1448,1465,1495,1497,1474,1438,1481,1485,1483,1451,CTR
1435,1497,1422,1425,1406,1489,1401,1448,1454,1484,1423,1477,1449,1431,1421,1492,1459,1404,1427,1499,1434,1485,1414,1409,1405,1431,1424,1469,1495,1496,CTR
1463,1466,1465,1486,1460,1413,1470,1417,1423,1411,1475,1483,1463,1447,1442,1418,1456,1487,1439,1429,1451,1476,1489,1448,1494,1458,1434,1433,1469,1453,CTR
1438,1499,1424,1446,1411,1440,1494,1404,1499,1475,1433,1411,1447,1470,1453,1417,1466,1428,1443,1404,1498,1436,1492,1412,1408,1433,1472,1417,1491,1481,CTR
1490,1422,1413,1470,1402,1427,1469,1489,1428,1497,1432,1415,1410,1484,1471,1492,1415,1467,1431,1424,1428,1476,1441,1406,1472,1429,1432,1464,1416,1448,CTR
1403,1446,1427,1474,1489,1462,1442,1417,1483,1446,1464,1405,1430,1402,1472,1483,1496,1448,1480,1421,1464,1414,1400,1443,1420,1439,1489,1419,1462,1448,CTR
1462,1454,1408,1459,1457,1432,1479,1468,1411,1412,1401,1469,1407,1479,1447,1448,1458,1490,1451,1469,1409,1457,1445,1471,1404,1426,1460,1433,1436,1465,CTR
1456,1437,1464,1438,1422,1500,1469,1405,1451,1498,1434,1436,1498,1431,1478,1492,1499,1472,1442,1429,1481,1485,1498,1436,1415,1433,1468,1452,1445,1468,CTR
1425,1457,1497,1468,1477,1466,1482,1452,1433,1487,1479,1471,1406,1426,1427,1500,1400,1465,1459,1463,1421,1492,1443,1495,1439,1466,1434,1419,1440,1498,CTR
1485,1458,1409,1446,1490,1413,1431,1450,1414,1448,1462,1478,1413,1466,1477,1444,1401,1439,1497,1469,1419,1430,1483,1476,1415,1473,1440,1439,1400,1465,CTR
1433,1461,1440,1422,1472,1440,1426,1497,1425,1436,1490,1470,1435,1497,1425,1406,1448,1483,1409,1412,1477,1439,1479,1416,1453,1476,1425,1487,1470,1482,CTR
1455,1466,1461,1466,1437,1493,1441,1470,1438,1438,1471,1475,1414,1485,1419,1415,1493,1476,1427,1458,1425,1412,1443,1473,1498,1471,1433,1428,1447,1423,CTR
1493,1413,1486,1419,1444,1490,1431,1407,1483,1407,1441,1420,1480,1411,1439,1463,1478,1427,1465,1431,1490,1464,1451,1431,1479,1499,1471,1461,1480,1468,CTR
1450,1491,1410,1400,1451,1409,1409,1461,1450,1418,1477,1413,1415,1455,1463,1489,1454,1413,1468,1440,1433,1452,1471,1408,1440,1467,1464,1486,1492,1422,CTR
1497,1442,1477,1466,1500,1499,1438,1471,1488,1500,1401,1421,1470,1444,1434,1402,1498,1469,1439,1485,1450,1455,1470,1420,1467,1474,1428,1404,1443,1470,CTR
1483,1466,1483,1420,1408,1424,1420,1430,1429,1467,1454,1409,1467,1464,1434,1493,1410,1417,1474,1500,1475,1423,1419,1454,1407,1454,1495,1480,1439,1429,CTR
1489,1478,1405,1434,1409,1408,1484,1429,1415,1496,1478,1495,1424,1406,1441,1417,1412,1426,1425,1415,1463,1428,1419,1454,1496,1434,1406,1427,1500,1463,CTR
1494,1424,1486,1447,1455,1493,1442,1459,1405,1496,1463,1417,1480,1429,1462,1442,1475,1500,1402,1469,1430,1486,1481,1499,1452,1495,1460,1485,1496,1479,CTR
1487,1400,1446,1459,1433,1497,1451,1485,1445,1495,1410,1436,1435,1441,1434,1500,1419,1486,1450,1423,1500,1486,1491,1417,1436,1472,1426,1440,1430,1441,CTR
1500,1436,1461,1445,1448,1428,1484,1492,1419,1496,1475,1478,1452,1431,1459,1407,1434,1475,1487,1412,1490,1436,1461,1466,1403,1484,1430,1455,1433,1430,CTR
1477,1484,1496,1413,1461,1416,1486,1466,1492,1430,1456,1451,1408,1444,1478,1481,1459,1436,1427,1498,1473,1449,1437,1431,1442,1471,1465,1415,1471,1494,CTR
1416,1412,1411,1429,1483,1404,1444,1405,1468,1496,1425,1450,1467,1415,1459,1460,1475,1433,1498,1497,1491,1456,1432,1482,1423,1442,1426,1401,1425,1481,CTR
1470,1426,1467,1488,1461,1488,1477,1497,1432,1408,1453,1401,1480,1416,1450,1434,1426,1498,1403,1465,1483,1442,1434,1456,1421,1495,1413,1422,1447,1462,CTR
1443,1435,1486,1496,1400,1433,1464,1473,1407,1469,1415,1449,1413,1476,1425,1493,1400,1492,1471,1470,1455,1486,1425,1485,1448,1442,1440,1400,1421,1424,CTR
1440,1452,1467,1493,1418,1432,1463,1493,1450,1400,1430,1449,1402,1454,1480,1428,1455,1405,1462,1409,1412,1475,1438,1483,1433,1403,1473,1447,1440,1440,CTR
1436,1403,1464,1463,1496,1408,1474,1457,1460,1483,1463,1488,1462,1470,1472,1493,1493,1415,1441,1457,1496,1493,1449,1461,1430,1465,1424,1448,1443,1404,CTR
1454,1451,1456,1459,1491,1404,1407,1442,1449,1407,1429,1406,1433,1409,1402,1464,1485,1453,1409,1471,1467,1415,1433,1472,1445,1497,1453,1424,1422,1456,CTR
1479,1462,1466,1447,1429,1441,1433,1452,1469,1402,1432,1471,1400,1493,1440,1474,1455,1400,1468,1453,1479,1438,1430,1403,1460,1474,1491,1404,1439,1468,CTR
1420,1427,1458,1493,1472,1437,1499,1400,1428,1491,1409,1470,1486,1425,1440,1417,1409,1449,1463,1431,1484,1461,1468,1459,1441,1428,1428,1420,1499,1435,CTR
1440,1474,1423,1439,1434,1410,1451,1495,1421,1482,1465,1469,1405,1427,1416,1450,1421,1444,1422,1446,1448,1406,1422,1477,1489,1497,1447,1488,1475,1454,CTR
1495,1491,1468,1410,1411,1403,1475,1418,1489,1440,1447,1455,1446,1492,1490,1411,1473,1465,1454,1447,1449,1411,1433,1444,1452,1481,1493,1446,1472,1475,CTR
1450,1422,1451,1491,1406,1479,1412,1452,1477,1407,1418,1463,1427,1490,1480,1404,1412,1478,1436,1429,1426,1495,1494,1457,1422,1465,1467,1418,1487,1418,CTR
1497,1454,1463,1463,1457,1464,1469,1410,1413,1493,1460,1439,1486,1430,1411,1405,1459,1497,1483,1413,1464,1473,1458,1400,1428,1445,1462,1492,1495,1460,CTR
1475,1464,1418,1488,1495,1456,1461,1432,1460,1465,1489,1445,1497,1487,1434,1419,1444,1413,1452,1429,1424,1405,1435,1486,1445,1462,1458,1430,1488,1432,CTR
1414,1472,1402,1479,1438,1479,1410,1451,1496,1487,1417,1408,1422,1413,1458,1456,1403,1436,1464,1483,1441,1490,1453,1418,1455,1419,1432,1472,1469,1403,CTR
1418,1460,1467,1421,1413,1415,1499,1430,1489,1414,1479,1490,1449,1458,1473,1415,1434,1432,1472,1495,1477,1459,1403,1450,1426,1495,1430,1445,1422,1492,CTR
1480,1416,1496,1483,1423,1491,1496,1462,1477,1461,1424,1457,1425,1410,1414,1410,1434,1466,1466,1422,1460,1447,1448,1475,1459,1404,1467,1459,1500,1468,CTR
1498,1450,1400,1490,1477,1462,1401,1490,1403,1418,1448,1444,1426,1466,1483,1490,1463,1489,1405,1454,1476,1489,1492,1413,1440,1478,1496,1411,1434,1493,CTR
1404,1408,1484,1427,1475,1486,1484,1451,1443,1485,1474,1493,1449,1439,1441,1440,1444,1482,1440,1471,1446,1462,1459,1481,1453,1455,1446,1409,1417,1446,CTR
1476,1449,1482,1434,1441,1498,1478,1456,1456,1490,1462,1435,1451,1425,1488,1459,1435,1500,1466,1429,1482,1423,1492,1485,1406,1464,1435,1427,1484,1423,CTR
1462,1460,1423,1410,1475,1485,1424,1425,1415,1408,1401,1460,1481,1420,1488,1456,1438,1481,1425,1442,1442,1462,1476,1410,1478,1439,1413,1422,1486,1421,CTR
1462,1436,1442,1461,1494,1475,1424,1444,1417,1424,1455,1466,1483,1483,1426,1405,1484,1500,1468,1493,1434,1484,1416,1434,1450,1456,1419,1462,1422,1422,CTR
1495,1407,1485,1444,1480,1476,1441,1457,1479,1453,1463,1427,1431,1413,1466,1419,1457,1470,1420,1464,1445,1468,1411,1429,1423,1449,1463,1461,1427,1468,CTR
1422,1409,1441,1446,1452,1417,1478,1472,1442,1498,1444,1466,1478,1484,1401,1424,1454,1468,1467,1458,1470,1477,1454,1447,1467,1461,1460,1477,1477,1446,CTR
1425,1459,1478,1452,1484,1466,1425,1407,1404,1401,1469,1427,1430,1479,1462,1490,1470,1428,1458,1474,1457,1418,1478,1410,1461,1409,1431,1456,1415,1417,CTR
1474,1440,1434,1425,1477,1455,1480,1418,1442,1461,1432,1455,1430,1407,1416,1485,1499,1414,1431,1463,1469,1496,1482,1483,1468,1454,1436,1419,1447,1435,CTR
1455,1414,1414,1419,1492,1479,1438,1425,1464,1471,1424,1455,1468,1497,1412,1455,1431,1467,1491,1454,1469,1407,1414,1495,1424,1428,1445,1404,1447,1483,CTR
1500,1442,1462,1402,1467,1423,1415,1416,1466,1447,1460,1430,1463,1421,1437,1422,1406,1412,1407,1443,1422,1436,1405,1408,1401,1434,1470,1440,1414,1450,CTR
1402,1450,1458,1413,1428,1447,1476,1487,1451,1490,1429,1416,1478,1427,1474,1425,1497,1487,1427,1472,1422,1411,1474,1464,1479,1423,1476,1409,1434,1428,CTR
1414,1401,1481,1492,1413,1420,1427,1485,1482,1420,1458,1406,1420,1498,1439,1471,1427,1454,1465,1477,1429,1426,1411,1431,1470,1435,1425,1440,1418,1448,CTR
1403,1475,1438,1441,1436,1426,1435,1438,1417,1436,1447,1403,1411,1459,1490,1450,1436,1482,1454,1449,1407,1486,1432,1465,1499,1424,1458,1429,1498,1495,CTR
1477,1459,1448,1411,1445,1450,1458,1483,1437,1470,1434,1482,1414,1495,1429,1455,1458,1490,1456,1414,1428,1403,1485,1450,1477,1452,1448,1479,1436,1442,CTR
1446,1423,1421,1499,1423,1494,1477,1404,1486,1433,1467,1416,1415,1486,1452,1449,1437,1453,1403,1424,1453,1443,1484,1423,1439,1493,1459,1412,1478,1446,CTR
1482,1430,1487,1451,1465,1442,1435,1432,1450,1422,1412,1480,1475,1467,1442,1470,1494,1472,1483,1468,1495,1454,1496,1495,1431,1478,1443,1419,1482,1490,CTR
1455,1437,1469,1439,1495,1475,1442,1444,1419,1477,1488,1435,1446,1472,1475,1471,1464,1450,1476,1411,1487,1415,1409,1500,1401,1435,1478,1467,1491,1476,CTR
1420,1432,1405,1487,1434,1442,1495,1428,1452,1457,1481,1438,1430,1438,1429,1434,1449,1486,1422,1489,1452,1420,1479,1471,1424,1472,1487,1404,1459,1420,CTR
1411,1472,1430,1463,1465,1436,1474,1466,1419,1489,1445,1488,1437,1490,1409,1447,1500,1443,1446,1442,1500,1417,1460,1459,1420,1431,1403,1476,1403,1406,CTR
1495,1442,1423,1473,1456,1486,1434,1480,1438,1470,1428,1474,1480,1417,1441,1489,1482,1411,1462,1450,1417,1462,1450,1500,1449,1490,1484,1423,1456,1422,CTR
1420,1484,1479,1424,1407,1470,1447,1418,1438,1425,1400,1440,1451,1496,1425,1482,1471,1474,1438,1482,1463,1436,1429,1451,1425,1480,1404,1413,1491,1406,CTR
1408,1482,1438,1400,1453,1475,1472,1464,1498,1467,1428,1438,1416,1460,1401,1455,1455,1479,1487,1499,1424,1494,1461,1444,1478,1491,1449,1469,1455,1471,CTR
1437,1474,1471,1479,1483,1462,1409,1436,1470,1408,1468,1489,1402,1461,1476,1400,1422,1404,1465,1403,1407,1479,1428,1465,1468,1421,1463,1424,1407,1494,CTR
1417,1407,1426,1475,1403,1451,1469,1455,1428,1479,1400,1477,1448,1458,1498,1483,1496,1403,1428,1450,1500,1447,1403,1483,1477,1446,1411,1424,1469,1414,CTR
1400,1423,1449,1414,1410,1449,1451,1420,1439,1490,1495,1499,1444,1457,1499,1475,1410,1400,1457,1453,1465,1482,1487,1459,1464,1482,1450,1473,1458,1477,CTR
1456,1483,1465,1497,1484,1417,1470,1420,1483,1453,1490,1489,1443,1442,1440,1427,1405,1430,1454,1459,1424,1499,1452,1465,1429,1482,1440,1444,1494,1463,CTR
1431,1458,1432,1412,1406,1411,1404,1500,1464,1480,1420,1463,1433,1493,1434,1453,1489,1484,1443,1427,1410,1419,1415,1404,1437,1473,1475,1414,1454,1400,CTR
1406,1470,1459,1436,1449,1470,1468,1428,1412,1405,1407,1431,1491,1442,1493,1443,1407,1495,1489,1466,1448,1479,1479,1456,1454,1436,1474,1403,1462,1491,CTR
1403,1497,1460,1422,1437,1487,1464,1442,1415,1472,1455,1401,1464,1402,1432,1408,1471,1428,1415,1466,1441,1417,1430,1455,1445,1413,1406,1455,1466,1475,CTR
1469,1469,1444,1401,1440,1473,1451,1498,1419,1437,1434,1468,1406,1497,1403,1494,1485,1495,1469,1472,1489,1406,1456,1481,1475,1424,1418,1469,1467,1430,CTR
1473,1463,1459,1438,1469,1481,1408,1410,1419,1444,1445,1479,1492,1430,1446,1440,1432,1432,1403,1459,1486,1446,1474,1400,1408,1424,1443,1470,1436,1487,CTR
1452,1481,1449,1489,1434,1489,1477,1423,1444,1478,1453,1490,1437,1406,1470,1455,1432,1476,1493,1434,1490,1477,1439,1417,1469,1403,1463,1421,1400,1474,CTR
1419,1452,1429,1467,1436,1482,1491,1420,1435,1463,1443,1423,1429,1471,1449,1438,1411,1403,1418,1475,1496,1439,1478,1496,1424,1471,1412,1435,1466,1434,CTR
1476,1480,1436,1412,1430,1433,1443,1439,1427,1408,1418,1485,1459,1466,1488,1467,1422,1425,1429,1466,1400,1455,1499,1464,1439,1472,1435,1465,1473,1416,CTR
1473,1448,1409,1497,1492,1420,1465,1423,1481,1426,1478,1400,1485,1495,1445,1479,1401,1437,1400,1425,1474,1476,1438,1423,1481,1452,1417,1454,1434,1460,CTR
1478,1459,1496,1478,1418,1465,1479,1472,1455,1475,1444,1429,1473,1406,1456,1425,1401,1454,1479,1445,1416,1409,1496,1420,1428,1485,1407,1430,1471,1410,CTR
1499,1403,1485,1433,1485,1463,1452,1417,1486,1446,1482,1484,1465,1438,1469,1416,1425,1496,1419,1466,1418,1402,1477,1402,1443,1443,1474,1444,1439,1419,CTR
1434,1430,1461,1448,1414,1494,1406,1499,1446,1408,1407,1466,1459,1437,1443,1453,1498,1422,1485,1429,1491,1473,1491,1418,1466,1499,1461,1470,1494,1458,CTR
1434,1410,1478,1488,1470,1472,1417,1432,1496,1433,1418,1455,1464,1467,1460,1471,1488,1460,1450,1497,1406,1483,1496,1471,1440,1419,1449,1477,1456,1445,CTR
1466,1452,1500,1423,1468,1436,1447,1464,1426,1441,1426,1430,1498,1466,1415,1403,1423,1409,1469,1460,1422,1462,1409,1427,1417,1453,1487,1494,1417,1439,CTR
1420,1410,1483,1488,1456,1481,1464,1408,1426,1412,1414,1478,1417,1453,1474,1478,1406,1425,1434,1487,1424,1480,1474,1477,1400,1498,1469,1465,1429,1490,CTR
1400,1410,1406,1422,1496,1417,1498,1477,1455,1482,1496,1422,1404,1433,1462,1408,1415,1493,1403,1447,1418,1490,1469,1451,1443,1419,1452,1466,1422,1417,CTR
1426,1400,1469,1484,1495,1442,1408,1479,1469,1431,1415,1433,1448,1438,1493,1413,1416,1497,1406,1477,1424,1416,1414,1425,1463,1498,1460,1404,1457,1436,CTR
1484,1409,1412,1472,1446,1447,1462,1450,1434,1425,1500,1476,1411,1477,1457,1467,1430,1412,1423,1481,1470,1445,1453,1472,1459,1445,1452,1468,1403,1445,CTR
1471,1451,1495,1487,1463,1451,1484,1425,1417,1438,1441,1421,1479,1478,1490,1402,1486,1421,1401,1447,1401,1482,1476,1436,1493,1491,1469,1461,1418,1492,CTR
1491,1489,1448,1489,1478,1438,1427,1453,1442,1458,1450,1458,1428,1432,1408,1407,1497,1471,1416,1418,1499,1488,1482,1486,1420,1482,1483,1422,1467,1408,CTR
1453,1482,1491,1422,1434,1413,1468,1423,1494,1496,1454,1444,1495,1411,1454,1436,1426,1477,1449,1415,1468,1403,1442,1479,1439,1403,1476,1474,1486,1421,CTR
1419,1435,1418,1476,1407,1416,1493,1475,1453,1467,1470,1434,1430,1423,1424,1458,1500,1480,1441,1461,1420,1425,1426,1453,1488,1485,1489,1471,1418,1479,CTR
1496,1490,1440,1497,1403,1432,1438,1462,1438,1446,1462,1402,1463,1485,1460,1454,1438,1472,1431,1461,1483,1500,1473,1419,1455,1420,1465,1435,1438,1403,CTR
1446,1491,1415,1496,1490,1469,1486,1411,1431,1400,1443,1484,1483,1455,1457,1430,1479,1476,1433,1407,1441,1426,1420,1440,1421,1406,1465,1422,1429,1437,CTR
1444,1401,1484,1428,1447,1414,1463,1424,1486,1403,1460,1457,1459,1452,1463,1492,1490,1445,1467,1421,1478,1426,1401,1407,1430,1458,1487,1477,1476,1456,CTR
1499,1459,1459,1430,1481,1498,1464,1498,1493,1436,1473,1442,1462,1400,1428,1410,1492,1466,1456,1470,1424,1419,1411,1474,1476,1433,1421,1440,1450,1419,CTR
1423,1420,1401,1485,1407,1473,1488,1468,1471,1495,1497,1419,1480,1425,1406,1432,1482,1473,1453,1449,1461,1463,1468,1475,1499,1498,1445,1492,1478,1429,CTR
1454,1476,1474,1435,1474,1470,1486,1455,1475,1463,1493,1474,1426,1466,1489,1416,1440,1476,1482,1434,1414,1427,1460,1464,1448,1458,1431,1451,1475,1458,CTR
1439,1471,1423,1475,1483,1408,1403,1488,1449,1495,1423,1407,1494,1456,1411,1438,1464,1470,1419,1431,1447,1472,1407,1495,1478,1489,1455,1467,1484,1427,CTR
1491,1499,1486,1468,1443,1493,1455,1493,1498,1401,1450,1413,1462,1449,1466,1442,1443,1469,1400,1480,1490,1423,1462,1496,1482,1428,1480,1447,1419,1476,CTR
1494,1493,1445,1436,1439,1486,1433,1482,1443,1455,1430,1420,1416,1494,1408,1449,1457,1486,1409,1441,1400,1494,1438,1462,1473,1400,1419,1494,1500,1480,CTR
1457,1454,1463,1499,1434,1416,1473,1418,1436,1453,1465,1450,1469,1405,1453,1400,1465,1450,1420,1493,1481,1491,1447,1400,1425,1497,1458,1425,1417,1497,OFB
1401,1480,1412,1434,1479,1423,1458,1435,1425,1440,1422,1471,1402,1416,1431,1405,1488,1484,1439,1427,1438,1432,1419,1462,1472,1468,1406,1476,1482,1492,OFB
1473,1481,1428,1414,1402,1416,1424,1422,1477,1466,1469,1400,1416,1480,1413,1438,1444,1407,1436,1403,1499,1484,1453,1448,1450,1455,1488,1477,1452,1404,OFB
1471,1407,1486,1455,1450,1453,1460,1476,1479,1493,1414,1422,1478,1411,1410,1434,1468,1415,1407,1402,1481,1427,1413,1468,1466,1439,1429,1468,1471,1469,OFB
1412,1437,1500,1401,1467,1484,1452,1492,1467,1485,1487,1457,1410,1467,1467,1469,1408,1425,1441,1459,1480,1494,1450,1442,1480,1418,1498,1456,1401,1487,OFB
1441,1456,1431,1430,1432,1472,1424,1463,1463,1483,1473,1454,1464,1475,1456,1438,1439,1406,1457,1403,1463,1406,1497,1430,1431,1422,1433,1481,1497,1433,OFB
1480,1493,1431,1451,1407,1449,1414,1447,1417,1487,1464,1411,1415,1429,1466,1425,1495,1496,1431,1405,1418,1477,1430,1485,1479,1471,1455,1415,1477,1406,OFB
1500,1439,1440,1441,1420,1490,1492,1473,1426,1458,1493,1435,1445,1402,1410,1499,1441,1402,1424,1415,1488,1414,1492,1412,1484,1417,1433,1439,1440,1455,OFB
1452,1430,1481,1424,1468,1420,1498,1465,1423,1478,1488,1422,1414,1485,1492,1410,1458,1431,1439,1480,1498,1442,1423,1464,1418,1430,1477,1440,1402,1480,OFB
1421,1475,1421,1499,1421,1484,1412,1488,1452,1408,1468,1415,1460,1409,1454,1465,1409,1407,1465,1415,1411,1415,1460,1402,1491,1404,1423,1404,1474,1437,OFB
1431,1411,1438,1495,1424,1410,1416,1425,1473,1426,1479,1475,1471,1447,1431,1443,1500,1419,1414,1427,1481,1468,1428,1480,1442,1481,1490,1488,1444,1466,OFB
1499,1453,1449,1463,1411,1431,1489,1466,1494,1450,1425,1411,1454,1494,1404,1411,1404,1456,1487,1473,1474,1451,1454,1457,1413,1461,1454,1473,1443,1444,OFB
1499,1469,1494,1472,1439,1489,1405,1474,1486,1423,1472,1500,1422,1462,1494,1475,1464,1438,1417,1477,1434,1475,1437,1495,1495,1489,1436,1463,1426,1432,OFB
1453,1448,1402,1412,1497,1474,1468,1445,1458,1492,1461,1419,1485,1483,1439,1405,1499,1458,1432,1455,1474,1484,1415,1435,1497,1487,1441,1472,1435,1443,OFB
1436,1451,1427,1482,1456,1475,1434,1409,1477,1413,1442,1476,1496,1424,1408,1479,1402,1497,1407,1428,1426,1484,1419,1427,1436,1475,1451,1434,1491,1448,OFB
1473,1493,1484,1461,1486,1435,1496,1495,1436,1425,1472,1450,1411,1442,1454,1450,1443,1413,1487,1415,1500,1427,1410,1475,1411,1454,1451,1448,1410,1435,OFB
1495,1432,1485,1489,1444,1403,1431,1466,1437,1419,1430,1410,1414,1473,1488,1486,1499,1474,1441,1472,1425,1480,1428,1440,1450,1445,1431,1488,1452,1413,OFB
1494,1473,1441,1495,1400,1413,1412,1451,1429,1408,1401,1449,1461,1483,1442,1430,1471,1427,1482,1439,1464,1452,1449,1490,1434,1444,1469,1429,1436,1443,OFB
1411,1446,1445,1492,1453,1420,1489,1442,1415,1499,1416,1467,1486,1470,1427,1483,1431,1482,1439,1474,1446,1488,1416,1422,1439,1452,1403,1412,1447,1493,OFB
1443,1441,1415,1436,1488,1475,1482,1486,1411,1475,1430,1427,1412,1409,1416,1444,1477,1441,1419,1488,1412,1429,1437,1426,1492,1473,1424,1420,1403,1427,OFB
1419,1468,1401,1403,1419,1486,1413,1436,1475,1500,1495,1486,1423,1490,1406,1498,1422,1487,1475,1489,1437,1487,1424,1445,1463,1497,1411,1434,1488,1405,OFB
1489,1400,1449,1438,1401,1442,1474,1401,1403,1412,1488,1417,1417,1434,1417,1420,1490,1491,1446,1400,1437,1411,1434,1488,1428,1413,1469,1463,1442,1434,OFB
1414,1449,1407,1403,1416,1402,1414,1470,1444,1435,1405,1452,1481,1414,1467,1496,1448,1410,1402,1450,1407,1419,1474,1486,1494,1474,1461,1489,1415,1419,OFB
1489,1401,1454,1465,1490,1408,1401,1447,1417,1430,1460,1409,1454,1451,1473,1450,1446,1400,1418,1450,1460,1481,1471,1418,1411,1455,1497,1496,1431,1461,OFB
1458,1448,1400,1467,1426,1428,1480,1437,1437,1445,1477,1445,1400,1468,1492,1477,1484,1456,1420,1452,1475,1481,1488,1415,1491,1440,1496,1403,1425,1401,OFB
1465,1447,1436,1430,1432,1413,1435,1435,1465,1471,1494,1469,1476,1464,1414,1471,1422,1463,1425,1412,1419,1412,1476,1441,1478,1486,1480,1421,1427,1469,OFB
1412,1407,1400,1420,1489,1479,1484,1490,1435,1486,1484,1471,1483,1419,1476,1436,1467,1409,1468,1425,1453,1500,1430,1456,1442,1432,1448,1472,1431,1411,OFB
1500,1410,1474,1445,1467,1484,1437,1477,1435,1500,1429,1455,1443,1476,1433,1494,1409,1448,1413,1411,1425,1425,1454,1464,1483,1488,1492,1441,1412,1479,OFB
1409,1500,1441,1424,1472,1486,1445,1494,1411,1447,1449,1490,1409,1494,1500,1426,1473,1499,1483,1482,1440,1431,1424,1480,1402,1458,1463,1488,1470,1424,OFB
1417,1450,1408,1452,1487,1463,1431,1422,1421,1468,1469,1447,1411,1474,1400,1423,1426,1488,1412,1422,1473,1423,1400,1481,1423,1458,1449,1419,1453,1474,OFB
1481,1401,1434,1414,1466,1456,1487,1456,1440,1416,1490,1436,1444,1494,1494,1472,1426,1410,1416,1403,1416,1468,1470,1471,1475,1484,1469,1408,1477,1408,OFB
1403,1438,1467,1411,1440,1448,1494,1450,1497,1417,1413,1400,1476,1475,1436,1421,1487,1419,1430,1437,1464,1489,1413,1489,1430,1451,1436,1480,1424,1465,OFB
1405,1437,1469,1461,1423,1419,1477,1452,1413,1424,1481,1432,1475,1489,1463,1414,1439,1437,1497,1400,1447,1474,1481,1402,1485,1423,1474,1466,1480,1469,OFB
1498,1405,1485,1432,1419,1432,1479,1448,1437,1479,1490,1477,1402,1420,1414,1436,1424,1407,1409,1436,1498,1475,1444,1489,1410,1426,1459,1481,1479,1442,OFB
1454,1490,1416,1484,1440,1476,1426,1461,1491,1468,1478,1465,1410,1438,1434,1464,1480,1472,1452,1461,1497,1426,1460,1462,1466,1485,1486,1408,1440,1469,OFB
1465,1467,1452,1406,1407,1493,1497,1427,1458,1467,1441,1410,1436,1447,1462,1413,1476,1414,1465,1485,1428,1481,1457,1421,1492,1424,1466,1482,1413,1485,OFB
1425,1438,1446,1411,1401,1456,1403,1442,1417,1497,1419,1491,1464,1449,1484,1484,1494,1444,1463,1467,1449,1449,1415,1463,1478,1414,1400,1427,1465,1445,OFB
1486,1493,1450,1484,1466,1481,1433,1474,1466,1482,1485,1433,1430,1404,1471,1407,1435,1423,1424,1462,1476,1431,1435,1454,1447,1414,1496,1460,1496,1400,OFB
1413,1475,1474,1465,1461,1422,1499,1498,1496,1440,1439,1424,1488,1425,1488,1427,1462,1498,1460,1421,1443,1461,1424,1481,1453,1466,1418,1492,1458,1449,OFB
1434,1465,1462,1495,1428,1494,1491,1413,1425,1445,1471,1427,1462,1466,1411,1459,1449,1464,1435,1447,1461,1454,1470,1447,1458,1493,1421,1443,1442,1427,OFB
1433,1436,1454,1426,1414,1480,1436,1473,1425,1481,1454,1490,1496,1446,1432,1498,1413,1485,1489,1414,1418,1443,1400,1439,1420,1419,1497,1473,1461,1486,OFB
1500,1484,1488,1413,1461,1451,1407,1451,1475,1401,1423,1489,1439,1434,1438,1434,1412,1401,1451,1415,1476,1426,1402,1447,1410,1469,1497,1448,1408,1498,OFB
1477,1482,1411,1420,1487,1496,1464,1499,1462,1487,1434,1452,1433,1468,1489,1463,1414,1409,1481,1497,1407,1454,1449,1460,1437,1447,1475,1456,1492,1404,OFB
1440,1463,1447,1403,1418,1461,1425,1441,1445,1423,1469,1464,1470,1430,1464,1467,1441,1445,1464,1459,1494,1496,1500,1460,1402,1445,1431,1472,1415,1436,OFB
1410,1467,1475,1413,1404,1477,1475,1404,1485,1497,1418,1432,1462,1419,1460,1475,1465,1490,1423,1463,1499,1425,1493,1457,1485,1420,1418,1405,1408,1421,OFB
1489,1453,1447,1429,1448,1457,1475,1488,1446,1403,1421,1406,1483,1448,1494,1486,1457,1492,1418,1414,1420,1463,1494,1477,1437,1428,1418,1479,1450,1464,OFB
1497,1406,1449,1487,1406,1474,1498,1495,1427,1479,1488,1435,1410,1455,1462,1455,1411,1410,1456,1485,1438,1446,1488,1479,1435,1438,1480,1400,1447,1450,OFB
1442,1476,1424,1468,1461,1415,1460,1436,1492,1423,1424,1498,1424,1454,1444,1483,1449,1473,1428,1492,1401,1426,1417,1407,1437,1417,1415,1425,1455,1491,OFB
1461,1404,1475,1457,1406,1484,1487,1462,1468,1463,1458,1468,1419,1414,1412,1466,1482,1423,1423,1437,1441,1403,1436,1468,1409,1409,1468,1460,1482,1450,OFB
1449,1448,1487,1427,1477,1411,1447,1500,1414,1434,1488,1437,1404,1435,1429,1443,1410,1494,1426,1468,1472,1465,1482,1493,1478,1500,1402,1491,1416,1463,OFB
1403,1486,1485,1401,1488,1441,1477,1423,1463,1492,1469,1486,1446,1495,1483,1451,1419,1401,1477,1415,1461,1408,1458,1420,1483,1408,1429,1431,1464,1459,OFB
1481,1474,1401,1431,1480,1415,1478,1407,1461,1458,1412,1445,1496,1404,1475,1405,1459,1497,1492,1488,1417,1408,1462,1430,1414,1484,1496,1430,1407,1499,OFB
1496,1441,1453,1477,1458,1492,1441,1423,1403,1489,1485,1499,1472,1487,1470,1432,1442,1421,1493,1432,1406,1428,1416,1458,1481,1414,1454,1431,1489,1414,OFB
1493,1433,1416,1483,1499,1417,1402,1430,1481,1476,1481,1469,1415,1498,1402,1449,1451,1434,1498,1457,1453,1462,1465,1495,1449,1464,1471,1405,1405,1435,OFB
1430,1426,1486,1419,1449,1411,1424,1444,1482,1456,1416,1446,1412,1429,1496,1440,1483,1440,1455,1423,1441,1478,1445,1436,1462,1420,1474,1484,1485,1456,OFB
1434,1462,1462,1428,1429,1495,1464,1466,1470,1407,1401,1483,1404,1495,1407,1415,1483,1475,1402,1412,1492,1493,1450,1467,1490,1426,1423,1442,1473,1415,OFB
1451,1422,1438,1422,1466,1473,1452,1500,1426,1402,1494,1488,1412,1439,1417,1462,1495,1483,1416,1432,1453,1477,1468,1431,1485,1439,1405,1466,1463,1435,OFB
1472,1435,1436,1451,1497,1445,1469,1500,1480,1443,1435,1451,1465,1478,1416,1405,1486,1459,1448,1488,1452,1450,1415,1496,1463,1409,1493,1475,1449,1466,OFB
1451,1427,1491,1467,1440,1441,1494,1420,1421,1490,1463,1454,1462,1480,1411,1493,1439,1443,1496,1427,1403,1453,1427,1471,1409,1430,1411,1421,1418,1482,OFB
1467,1483,1474,1403,1454,1408,1448,1402,1443,1417,1438,1470,1447,1446,1495,1409,1482,1497,1437,1441,1445,1453,1406,1464,1426,1440,1478,1443,1413,1439,OFB
1429,1406,1405,1403,1480,1455,1426,1500,1466,1400,1474,1427,1452,1428,1432,1485,1424,1434,1483,1417,1485,1425,1426,1444,1418,1477,1406,1422,1422,1406,OFB
1455,1423,1498,1488,1466,1481,1442,1445,1476,1440,1489,1423,1478,1463,1475,1447,1441,1499,1455,1425,1411,1493,1479,1488,1401,1482,1419,1459,1454,1437,OFB
1439,1430,1492,1464,1472,1415,1429,1492,1410,1432,1462,1488,1460,1479,1445,1419,1418,1442,1492,1483,1460,1470,1483,1464,1427,1444,1475,1421,1424,1481,OFB
1463,1414,1485,1439,1433,1474,1408,1487,1409,1450,1461,1484,1425,1402,1456,1492,1460,1468,1443,1405,1464,1488,1457,1500,1493,1438,1496,1434,1473,1464,OFB
1445,1435,1481,1464,1423,1438,1401,1477,1475,1444,1400,1412,1429,1481,1442,1423,1474,1492,1473,1483,1404,1478,1483,1460,1408,1490,1400,1478,1480,1418,OFB
1429,1410,1449,1422,1469,1433,1465,1465,1436,1495,1446,1492,1425,1471,1421,1447,1400,1453,1426,1498,1487,1426,1443,1497,1491,1445,1442,1498,1407,1488,OFB
1440,1434,1444,1444,1497,1441,1458,1493,1442,1472,1421,1410,1455,1457,1424,1454,1485,1456,1418,1473,1477,1437,1433,1484,1420,1409,1497,1401,1425,1424,OFB
1486,1413,1416,1453,1445,1455,1491,1462,1423,1494,1415,1448,1439,1418,1462,1426,1434,1449,1489,1496,1421,1414,1492,1407,1440,1492,1429,1469,1454,1460,OFB
1405,1419,1401,1428,1403,1432,1437,1455,1455,1403,1472,1434,1433,1473,1453,1476,1478,1455,1439,1404,1406,1486,1426,1489,1464,1448,1431,1487,1492,1480,OFB
1438,1498,1476,1468,1443,1438,1482,1430,1455,1457,1415,1431,1410,1496,1445,1426,1483,1493,1406,1424,1417,1445,1460,1407,1490,1438,1439,1489,1499,1450,OFB
1400,1427,1456,1448,1427,1495,1500,1466,1499,1434,1494,1403,1431,1466,1475,1441,1463,1448,1430,1470,1433,1496,1406,1407,1421,1452,1469,1474,1488,1451,OFB
1499,1404,1400,1400,1476,1498,1408,1428,1441,1423,1468,1439,1456,1480,1405,1479,1453,1406,1419,1412,1477,1482,1418,1445,1437,1410,1424,1420,1491,1471,OFB
1420,1426,1475,1422,1442,1497,1461,1491,1434,1485,1435,1492,1456,1487,1461,1488,1410,1477,1444,1491,1452,1437,1451,1405,1494,1475,1442,1484,1475,1440,OFB
1413,1416,1445,1477,1456,1435,1418,1435,1418,1419,1434,1416,1496,1423,1466,1411,1436,1413,1402,1415,1408,1492,1414,1459,1467,1429,1417,1463,1469,1487,OFB
1412,1406,1479,1417,1443,1435,1449,1409,1497,1461,1424,1490,1441,1423,1459,1487,1481,1468,1468,1476,1466,1428,1481,1446,1420,1488,1449,1406,1460,1430,OFB
1488,1456,1408,1500,1455,1455,1414,1495,1412,1493,1475,1493,1443,1401,1429,1434,1417,1496,1443,1463,1475,1483,1496,1487,1441,1402,1490,1482,1415,1410,OFB
1401,1440,1490,1483,1446,1424,1469,1426,1456,1415,1409,1466,1467,1451,1484,1438,1412,1462,1405,1427,1411,1417,1456,1455,1423,1498,1485,1440,1471,1472,OFB
1425,1469,1434,1473,1427,1425,1483,1416,1486,1413,1441,1466,1417,1454,1428,1447,1402,1434,1467,1474,1486,1493,1440,1488,1490,1405,1428,1470,1453,1441,OFB
1407,1431,1480,1469,1482,1400,1497,1473,1484,1405,1422,1484,1439,1427,1406,1426,1413,1414,1414,1444,1480,1412,1489,1400,1443,1472,1414,1422,1486,1419,OFB
1448,1464,1438,1455,1446,1468,1437,1481,1470,1454,1475,1489,1440,1402,1450,1453,1438,1476,1465,1485,1493,1414,1450,1484,1492,1422,1495,1492,1409,1446,OFB
1424,1463,1489,1412,1446,1495,1485,1457,1447,1491,1409,1467,1459,1472,1433,1410,1480,1406,1476,1495,1487,1447,1486,1420,1499,1415,1428,1485,1480,1470,OFB
1483,1411,1464,1459,1429,1410,1500,1401,1487,1433,1489,1418,1431,1430,1404,1467,1464,1429,1424,1481,1421,1466,1496,1427,1407,1476,1416,1476,1473,1444,OFB
1474,1479,1492,1432,1489,1427,1495,1488,1468,1409,1469,1463,1475,1451,1443,1457,1480,1436,1500,1457,1438,1488,1472,1465,1434,1473,1442,1462,1498,1481,OFB
1446,1423,1431,1410,1404,1422,1494,1405,1414,1462,1413,1469,1438,1475,1466,1486,1416,1410,1421,1492,1440,1449,1473,1433,1458,1499,1400,1403,1467,1469,OFB
1430,1401,1468,1469,1461,1465,1475,1403,1433,1443,1452,1466,1479,1420,1401,1440,1500,1456,1476,1498,1410,1438,1411,1425,1438,1432,1482,1421,1478,1440,OFB
1495,1470,1487,1479,1489,1484,1469,1419,1409,1412,1457,1489,1412,1483,1419,1405,1468,1449,1402,1429,1450,1458,1417,1491,1473,1433,1450,1411,1473,1466,OFB
1485,1500,1422,1490,1475,1456,1439,1440,1500,1436,1483,1444,1454,1494,1480,1498,1468,1433,1471,1430,1500,1442,1457,1469,1419,1424,1496,1412,1466,1440,OFB
1463,1433,1413,1466,1480,1461,1417,1419,1447,1435,1432,1433,1449,1426,1405,1439,1420,1489,1472,1487,1408,1426,1406,1464,1497,1466,1460,1495,1412,1479,OFB
1460,1425,1419,1439,1436,1441,1423,1471,1492,1445,1500,1478,1495,1491,1468,1426,1418,1426,1474,1472,1485,1482,1417,1416,1490,1431,1431,1432,1444,1448,OFB
1490,1472,1429,1458,1500,1460,1496,1423,1484,1480,1434,1482,1435,1416,1455,1478,1494,1430,1465,1467,1413,1498,1450,1473,1449,1500,1420,1404,1498,1406,OFB
1464,1472,1402,1494,1493,1415,1481,1411,1425,1454,1458,1400,1441,1476,1461,1409,1479,1449,1438,1415,1488,1454,1447,1465,1475,1424,1481,1435,1440,1438,OFB
1480,1467,1400,1408,1486,1415,1455,1448,1468,1459,1443,1427,1433,1445,1453,1461,1465,1494,1480,1423,1459,1403,1417,1491,1464,1436,1450,1480,1422,1460,OFB
1450,1442,1478,1429,1421,1446,1400,1462,1462,1448,1462,1410,1480,1499,1499,1454,1487,1426,1453,1460,1458,1463,1475,1427,1460,1426,1441,1495,1481,1424,OFB
1495,1433,1447,1418,1482,1464,1419,1447,1474,1475,1468,1471,1494,1479,1464,1500,1492,1497,1443,1444,1496,1425,1413,1420,1438,1493,1405,1496,1438,1440,OFB
1415,1434,1458,1438,1500,1425,1406,1457,1442,1412,1495,1423,1418,1417,1446,1479,1468,1481,1451,1468,1473,1413,1400,1423,1471,1412,1499,1486,1473,1427,OFB
1449,1453,1413,1474,1482,1406,1436,1472,1485,1420,1431,1486,1401,1432,1451,1496,1428,1458,1484,1411,1450,1488,1458,1441,1401,1435,1485,1495,1406,1406,OFB
1414,1470,1431,1482,1446,1448,1495,1416,1465,1410,1415,1459,1457,1451,1452,1430,1482,1448,1495,1454,1425,1436,1438,1463,1455,1448,1488,1438,1438,1433,OFB
1402,1467,1469,1462,1417,1456,1425,1467,1442,1415,1447,1442,1479,1499,1466,1459,1443,1441,1420,1429,1478,1428,1450,1410,1421,1468,1498,1433,1408,1479,OFB
1404,1470,1496,1433,1470,1412,1422,1444,1448,1460,1400,1430,1418,1448,1485,1438,1443,1416,1495,1450,1465,1463,1411,1498,1473,1448,1434,1460,1415,1484,OFB
1425,1460,1448,1493,1427,1494,1441,1446,1420,1463,1459,1445,1462,1476,1484,1477,1429,1427,1440,1470,1403,1460,1497,1469,1419,1478,1437,1473,1429,1432,OFB
